Frame, SubFrame, Fx1(N), Fy1(N), Fz1(N), Fx2(N), Fy2(N), Fz2(N)
277,0,0,0,0,0,0,0
277,1,0,0,0,0,0,0
277,2,0,0,0,0,0,0
277,3,0,0,0,0,0,0
277,4,0,0,0,0,0,0
278,0,0,0,0,0,0,0
278,1,0,0,0,0,0,0
278,2,0,0,0,0,0,0
278,3,0,0,0,0,0,0
278,4,0,0,0,0,0,0
279,0,0,0,0,0,0,0
279,1,0,0,0,0,0,0
279,2,0,0,0,0,0,0
279,3,0,0,0,0,0,0
279,4,0,0,0,0,0,0
280,0,0,0,0,0,0,0
280,1,0,0,0,0,0,0
280,2,0,0,0,0,0,0
280,3,0,0,0,0,0,0
280,4,0,0,0,0,0,0
281,0,0,0,0,0,0,0
281,1,0,0,0,0,0,0
281,2,0,0,0,0,0,0
281,3,0,0,0,0,0,0
281,4,0,0,0,0,0,0
282,0,0,0,0,0,0,0
282,1,0,0,0,0,0,0
282,2,0,0,0,0,0,0
282,3,0,0,0,0,0,0
282,4,0,0,0,0,0,0
283,0,0,0,0,0,0,0
283,1,0,0,0,0,0,0
283,2,0,0,0,0,0,0
283,3,0,0,0,0,0,0
283,4,0,0,0,0,0,0
284,0,0,0,0,0,0,0
284,1,0,0,0,0,0,0
284,2,0,0,0,0,0,0
284,3,0,0,0,0,0,0
284,4,0,0,0,0,0,0
285,0,0,0,0,0,0,0
285,1,0,0,0,0,0,0
285,2,0,0,0,0,0,0
285,3,0,0,0,0,0,0
285,4,0,0,0,0,0,0
286,0,0,0,0,0,0,0
286,1,0,0,0,0,0,0
286,2,0,0,0,0,0,0
286,3,0,0,0,0,0,0
286,4,0,0,0,0,0,0
287,0,0,0,0,0,0,0
287,1,0,0,0,0,0,0
287,2,0,0,0,0,0,0
287,3,0,0,0,0,0,0
287,4,0,0,0,0,0,0
288,0,0,0,0,0,0,0
288,1,0,0,0,0,0,0
288,2,0,0,0,0,0,0
288,3,0,0,0,0,0,0
288,4,0,0,0,0,0,0
289,0,0,0,0,0,0,0
289,1,0,0,0,0,0,0
289,2,0,0,0,0,0,0
289,3,0,0,0,0,0,0
289,4,0,0,0,0,0,0
290,0,0,0,0,0,0,0
290,1,0,0,0,0,0,0
290,2,0,0,0,0,0,0
290,3,0,0,0,0,0,0
290,4,0,0,0,0,0,0
291,0,0,0,0,0,0,0
291,1,0,0,0,0,0,0
291,2,0,0,0,0,0,0
291,3,0,0,0,0,0,0
291,4,0,0,0,0,0,0
292,0,0,0,0,0,0,0
292,1,0,0,0,0,0,0
292,2,0,0,0,0,0,0
292,3,0,0,0,0,0,0
292,4,0,0,0,0,0,0
293,0,0,0,0,0,0,0
293,1,0,0,0,0,0,0
293,2,0,0,0,0,0,0
293,3,0,0,0,0,0,0
293,4,0,0,0,0,0,0
294,0,0,0,0,0,0,0
294,1,0,0,0,0,0,0
294,2,0,0,0,0,0,0
294,3,0,0,0,0,0,0
294,4,0,0,0,0,0,0
295,0,0,0,0,0,0,0
295,1,0,0,0,0,0,0
295,2,0,0,0,0,0,0
295,3,0,0,0,0,0,0
295,4,0,0,0,0,0,0
296,0,0,0,0,0,0,0
296,1,0,0,0,0,0,0
296,2,0,0,0,0,0,0
296,3,0,0,0,0,0,0
296,4,0,0,0,0,0,0
297,0,0,0,0,0,0,0
297,1,0,0,0,0,0,0
297,2,0,0,0,0,0,0
297,3,0,0,0,0,0,0
297,4,0,0,0,0,0,0
298,0,0,0,0,0,0,0
298,1,0,0,0,0,0,0
298,2,0,0,0,0,0,0
298,3,0,0,0,0,0,0
298,4,0,0,0,0,0,0
299,0,0,0,0,0,0,0
299,1,0,0,0,0,0,0
299,2,0,0,0,0,0,0
299,3,0,0,0,0,0,0
299,4,0,0,0,0,0,0
300,0,0,0,0,0,0,0
300,1,0,0,0,0,0,0
300,2,0,0,0,0,0,0
300,3,0,0,0,0,0,0
300,4,0,0,0,0,0,0
301,0,0,0,0,1.81524,-4.98503,-24.5223
301,1,0,0,0,0,0,0
301,2,0,0,0,0,0,0
301,3,0,0,0,0,0,0
301,4,0,0,0,0,0,0
302,0,0,0,0,0,0,0
302,1,0,0,0,0,0,0
302,2,0,0,0,0,0,0
302,3,0,0,0,0,0,0
302,4,0,0,0,0,0,0
303,0,0,0,0,0,0,0
303,1,0,0,0,0,0,0
303,2,0,0,0,0,0,0
303,3,0,0,0,0,0,0
303,4,0,0,0,0,0,0
304,0,0,0,0,0,0,0
304,1,0,0,0,0,0,0
304,2,0,0,0,0,0,0
304,3,0,0,0,0,0,0
304,4,0,0,0,0,0,0
305,0,0,0,0,0,0,0
305,1,0,0,0,0,0,0
305,2,0,0,0,0,0,0
305,3,0,0,0,0,0,0
305,4,0,0,0,0,0,0
306,0,0,0,0,0,0,0
306,1,0,0,0,0,0,0
306,2,0,0,0,0,0,0
306,3,0,0,0,0,0,0
306,4,0,0,0,0,0,0
307,0,0,0,0,0,0,0
307,1,0,0,0,0,0,0
307,2,0,0,0,0,0,0
307,3,0,0,0,0,0,0
307,4,0,0,0,0,0,0
308,0,0,0,0,0,0,0
308,1,0,0,0,0,0,0
308,2,0,0,0,0,0,0
308,3,0,0,0,0,0,0
308,4,0,0,0,0,0,0
309,0,-0.1106,3.28291,-34.7526,0,0,0
309,1,0.0449451,3.9086,-58.2642,0,0,0
309,2,-0.654234,5.47288,-93.5475,0,0,0
309,3,-2.52911,8.13231,-145.745,0,0,0
309,4,-5.33724,13.7649,-227.332,0,0,0
310,0,-8.84759,19.0061,-342.492,0,0,0
310,1,-14.3709,19.3959,-442.102,0,0,0
310,2,-25.5158,17.7511,-498.16,0,0,0
310,3,-34.3253,19.0015,-495.729,0,0,0
310,4,-36.6562,20.9569,-463.543,0,0,0
311,0,-37.5116,22.4431,-433.791,0,0,0
311,1,-39.9294,25.7287,-428.275,1.96622,-5.22056,-25.2104
311,2,-41.4917,30.1881,-440.405,0,0,0
311,3,-41.802,34.8828,-443.183,0,0,0
311,4,-42.1977,40.9075,-422.075,0,0,0
312,0,-41.1881,44.585,-399.233,0,0,0
312,1,-38.5401,49.7489,-386.787,1.80612,-4.98647,-24.5258
312,2,-38.0018,54.5995,-391.636,0,0,0
312,3,-36.5233,59.1379,-403.073,0,0,0
312,4,-36.996,65.475,-405.155,0,0,0
313,0,-37.1553,71.9689,-398.221,0,0,0
313,1,-36.4546,77.6023,-392.328,0,0,0
313,2,-35.988,83.1575,-394.397,0,0,0
313,3,-35.9117,89.6518,-408.245,0,0,0
313,4,-36.0688,97.2414,-423.475,0,0,0
314,0,-35.7615,103.658,-434.198,0,0,0
314,1,-35.0592,109.761,-428.659,0,0,0
314,2,-33.5785,114.691,-424.164,0,0,0
314,3,-31.6296,119.542,-417.579,0,0,0
314,4,-30.5431,123.611,-426.932,0,0,0
315,0,-28.2046,127.445,-434.542,0,0,0
315,1,-26.5706,130.105,-434.54,0,0,0
315,2,-24.5486,130.184,-427.281,0,0,0
315,3,-21.6642,129.949,-417.917,0,0,0
315,4,-19.7962,128.698,-417.938,0,0,0
316,0,-18.0051,126.585,-425.898,0,0,0
316,1,-16.9933,123.847,-426.595,0,0,0
316,2,-14.8081,119.545,-424.164,0,0,0
316,3,-13.6355,114.694,-409.973,0,0,0
316,4,-13.7903,110.156,-405.123,0,0,0
317,0,-12.9303,105.462,-410.314,0,0,0
317,1,-12.3844,100.455,-424.164,0,0,0
317,2,-12.3058,95.6046,-423.81,0,0,0
317,3,-13.6325,92.7096,-428.997,0,0,0
317,4,-12.3028,88.563,-436.248,0,0,0
318,0,-12.4629,85.9813,-444.212,0,0,0
318,1,-10.5148,83.7129,-451.815,0,0,0
318,2,-5.13035,82.2269,-460.794,0,0,0
318,3,-3.65117,82.4623,-470.845,0,0,0
318,4,-0.381719,83.1671,-474.274,0,0,0
319,0,3.43746,85.4367,-478.097,0,0,0
319,1,5.37796,87.9408,-483.617,0,0,0
319,2,9.35269,92.2441,-482.593,0,0,0
319,3,11.6798,96.3124,-486.382,0,0,0
319,4,12.7595,101.867,-487.077,0,0,0
320,0,14.934,106.874,-486.732,0,0,0
320,1,15.5486,111.411,-485.693,0,0,0
320,2,15.3062,116.809,-486.032,0,0,0
320,3,14.4431,121.894,-488.805,0,0,0
320,4,12.7223,127.371,-490.197,0,0,0
321,0,11.7021,133.004,-491.58,0,0,0
321,1,10.9999,137.855,-491.231,0,0,0
321,2,9.2783,143.254,-488.812,0,0,0
321,3,9.12125,147.87,-494.342,0,0,0
321,4,9.19599,152.017,-497.468,0,0,0
322,0,9.58257,155.538,-498.506,0,0,0
322,1,11.1418,158.668,-494.348,0,0,0
322,2,10.9024,161.876,-500.574,0,0,0
322,3,11.992,163.988,-508.877,0,0,0
322,4,12.9237,166.492,-520.99,0,0,0
323,0,14.3274,168.056,-525.479,0,0,0
323,1,15.5741,169.7,-533.082,0,0,0
323,2,15.9629,171.499,-547.965,0,0,0
323,3,17.5969,173.455,-563.18,0,0,0
323,4,18.2206,175.099,-574.94,0,0,0
324,0,18.4539,177.055,-584.275,0,0,0
324,1,18.919,178.463,-595.682,0,0,0
324,2,18.9945,180.185,-609.863,0,0,0
324,3,19.3064,181.671,-621.279,0,0,0
324,4,20.1634,183.001,-631.3,0,0,0
325,0,21.2552,183.784,-639.265,0,0,0
325,1,22.1115,184.097,-645.479,0,0,0
325,2,23.3596,183.159,-656.902,0,0,0
325,3,24.6055,182.611,-658.28,0,0,0
325,4,25.6211,181.438,-665.551,0,0,0
326,0,26.3233,179.638,-665.538,0,0,0
326,1,26.0107,178.543,-672.464,0,0,0
326,2,25.6196,176.978,-674.524,0,0,0
326,3,25.387,177.056,-684.223,0,0,0
326,4,24.8373,175.57,-688.026,0,0,0
327,0,24.0588,175.1,-692.872,0,0,0
327,1,22.8869,174.709,-698.063,0,0,0
327,2,22.8846,174.396,-704.632,0,0,0
327,3,21.8675,174.709,-708.784,0,0,0
327,4,22.4942,174.474,-711.205,0,0,0
328,0,22.3372,174.552,-716.73,0,0,0
328,1,21.7897,174.865,-723.657,0,0,0
328,2,22.1016,175.882,-728.838,0,0,0
328,3,21.866,176.508,-738.536,0,0,0
328,4,21.7882,176.821,-740.611,0,0,0
329,0,21.5511,177.056,-749.596,0,0,0
329,1,21.943,177.134,-752.372,0,0,0
329,2,21.7837,177.447,-757.552,0,0,0
329,3,22.4119,177.447,-758.941,0,0,0
329,4,22.7253,176.743,-763.423,0,0,0
330,0,22.9586,176.508,-763.433,0,0,0
330,1,23.0356,176.195,-775.883,0,0,0
330,2,23.9734,175.804,-778.3,0,0,0
330,3,24.3623,175.022,-783.144,0,0,0
330,4,24.9852,174.005,-783.831,0,0,0
331,0,25.4556,173.066,-785.571,0,0,0
331,1,25.8422,171.892,-786.599,0,0,0
331,2,26.7045,171.188,-788.682,0,0,0
331,3,27.4838,169.936,-788.673,0,0,0
331,4,28.0305,168.998,-788.675,0,0,0
332,0,28.4201,167.746,-794.554,0,0,0
332,1,29.4364,167.198,-797.318,0,0,0
332,2,30.1364,166.495,-801.134,0,0,0
332,3,30.9956,164.851,-802.177,0,0,0
332,4,31.7756,164.617,-800.088,0,0,0
333,0,32.4786,163.6,-804.25,0,0,0
333,1,33.4927,163.365,-805.625,0,0,0
333,2,34.1964,162.504,-808.401,0,0,0
333,3,34.9757,161.644,-809.426,0,0,0
333,4,34.7393,161.566,-813.572,0,0,0
334,0,36.0683,160.471,-816.347,0,0,0
334,1,36.2231,160.705,-820.161,0,0,0
334,2,36.8483,160.236,-819.116,0,0,0
334,3,37.4727,159.375,-817.734,0,0,0
334,4,37.629,159.375,-817.391,0,0,0
335,0,38.2535,158.358,-821.886,0,0,0
335,1,38.4105,158.123,-823.616,0,0,0
335,2,38.7224,157.263,-823.264,0,0,0
335,3,39.1151,156.637,-820.501,0,0,0
335,4,39.0358,156.403,-824.654,0,0,0
336,0,39.2714,156.011,-827.774,0,0,0
336,1,39.1135,156.324,-830.196,0,0,0
336,2,39.7387,155.777,-828.474,0,0,0
336,3,40.1299,155.464,-828.468,0,0,0
336,4,39.9759,155.229,-827.437,0,0,0
337,0,40.4448,154.916,-827.772,0,0,0
337,1,40.4463,154.212,-827.784,0,0,0
337,2,40.6811,153.664,-824.331,0,0,0
337,3,40.6033,152.569,-822.94,0,0,0
337,4,40.136,152.256,-825.021,0,0,0
338,0,40.3723,151.786,-823.292,0,0,0
338,1,40.6864,151.004,-822.949,0,0,0
338,2,40.6087,149.987,-819.49,0,0,0
338,3,40.5309,149.361,-818.102,0,0,0
338,4,40.1436,148.579,-818.798,0,0,0
339,0,39.7555,148.187,-816.73,0,0,0
339,1,39.4444,146.935,-818.812,0,0,0
339,2,39.1325,146.388,-815.003,0,0,0
339,3,38.7444,145.762,-813.62,0,0,0
339,4,38.4364,145.292,-816.739,0,0,0
340,0,37.9697,144.901,-815.704,0,0,0
340,1,37.5786,143.649,-811.202,0,0,0
340,2,37.3453,142.476,-808.786,0,0,0
340,3,36.6476,141.928,-806.722,0,0,0
340,4,36.5706,140.832,-801.874,0,0,0
341,0,35.401,140.05,-800.147,0,0,0
341,1,35.4033,139.111,-795.994,0,0,0
341,2,35.0152,138.25,-793.576,0,0,0
341,3,34.3937,136.842,-792.541,0,0,0
341,4,34.2382,135.981,-791.844,0,0,0
342,0,34.1619,134.651,-789.091,0,0,0
342,1,33.6938,133.478,-781.826,0,0,0
342,2,33.5413,131.913,-776.632,0,0,0
342,3,33.0739,130.817,-774.906,0,0,0
342,4,32.9976,129.878,-773.876,0,0,0
343,0,33.2332,129.096,-773.519,0,0,0
343,1,33.4688,128.392,-766.262,0,0,0
343,2,33.0784,127.062,-765.91,0,0,0
343,3,33.3926,126.358,-765.928,0,0,0
343,4,33.1585,125.654,-762.811,0,0,0
344,0,33.7052,124.089,-756.594,0,0,0
344,1,34.0193,123.306,-746.554,0,0,0
344,2,34.3342,122.289,-743.79,0,0,0
344,3,33.7875,121.585,-742.409,0,0,0
344,4,34.1009,120.568,-739.298,0,0,0
345,0,35.1965,119.551,-734.798,0,0,0
345,1,34.4912,118.769,-730.653,0,0,0
345,2,34.7291,117.439,-729.972,0,0,0
345,3,34.8847,116.187,-724.435,0,0,0
345,4,35.352,115.092,-719.601,0,0,0
346,0,35.8232,114.074,-710.6,0,0,0
346,1,35.8255,112.51,-709.216,0,0,0
346,2,35.75,111.258,-704.716,0,0,0
346,3,35.9841,110.084,-699.183,0,0,0
346,4,36.4538,108.754,-696.771,0,0,0
347,0,36.2204,107.972,-692.277,0,0,0
347,1,36.2982,106.798,-688.129,0,0,0
347,2,36.6116,105.155,-683.633,0,0,0
347,3,36.6138,104.686,-680.182,0,0,0
347,4,37.0042,103.356,-671.877,0,0,0
348,0,37.0057,102.651,-665.3,0,0,0
348,1,37.0866,101.243,-661.146,0,0,0
348,2,36.6962,100.461,-657.694,0,0,0
348,3,36.3836,99.7565,-656.662,0,0,0
348,4,36.931,98.896,-651.472,0,0,0
349,0,36.6207,97.6442,-645.593,0,0,0
349,1,36.4651,96.7052,-645.597,0,0,0
349,2,36.5444,95.9227,-641.104,0,0,0
349,3,36.154,94.671,-635.218,0,0,0
349,4,36.7038,93.5755,-630.38,0,0,0
350,0,36.8616,92.8711,-622.766,0,0,0
350,1,36.4712,91.6196,-624.505,0,0,0
350,2,36.4735,90.837,-616.545,0,0,0
350,3,36.3965,89.7419,-620.71,0,0,0
350,4,36.6321,88.3332,-609.289,0,0,0
351,0,35.9298,87.5509,-608.6,0,0,0
351,1,35.9321,86.1422,-603.419,0,0,0
351,2,36.0876,85.8294,-598.226,0,0,0
351,3,35.8574,83.9519,-594.425,0,0,0
351,4,35.8581,82.9346,-586.812,0,0,0
352,0,35.3137,81.6044,-584.047,0,0,0
352,1,34.8456,80.5091,-581.628,0,0,0
352,2,34.0679,79.8829,-579.555,0,0,0
352,3,34.3812,78.5527,-575.058,0,0,0
352,4,33.8361,77.7703,-572.294,0,0,0
353,0,33.2909,76.5966,-567.449,0,0,0
353,1,33.2932,75.8141,-566.422,0,0,0
353,2,32.6687,74.8753,-558.802,0,0,0
353,3,33.0636,73.4669,-556.385,0,0,0
353,4,32.3599,72.0585,-550.846,0,0,0
354,0,31.5829,71.5107,-550.855,0,0,0
354,1,31.3481,70.337,-548.775,0,0,0
354,2,30.4148,69.6328,-547.408,0,0,0
354,3,30.3378,68.6155,-542.563,0,0,0
354,4,29.9497,67.3634,-538.753,0,0,0
355,0,28.9356,66.1899,-536.682,0,0,0
355,1,28.3104,64.9381,-531.149,0,0,0
355,2,27.6921,63.5295,-528.731,0,0,0
355,3,26.2929,59.2263,-523.889,0,0,0
355,4,25.1218,57.2702,-520.432,0,0,0
356,0,24.5751,58.9912,-519.739,0,0,0
356,1,24.8107,60.1647,-516.279,0,0,0
356,2,24.3418,59.9298,-515.594,0,0,0
356,3,24.4211,60.6339,-510.411,0,0,0
356,4,23.7959,60.2427,-511.101,0,0,0
357,0,24.0299,60.008,-507.651,0,0,0
357,1,22.9396,59.773,-503.838,0,0,0
357,2,23.0197,58.6777,-500.389,0,0,0
357,3,22.473,57.5821,-497.604,0,0,0
357,4,21.9293,57.1128,-495.542,0,0,0
358,0,21.2279,56.0956,-494.152,0,0,0
358,1,20.8398,55.8607,-491.39,0,0,0
358,2,20.6057,55.3128,-489.313,0,0,0
358,3,20.2161,53.9045,-484.124,0,0,0
358,4,19.5154,53.0439,-486.213,0,0,0
359,0,19.2813,52.3396,-481.359,0,0,0
359,1,18.6576,51.4007,-477.558,0,0,0
359,2,18.5829,49.6794,-473.749,0,0,0
359,3,18.0377,49.1314,-469.949,0,0,0
359,4,17.491,48.0362,-471.33,0,0,0
360,0,17.7266,47.332,-470.993,0,0,0
360,1,17.4155,46.7842,-468.917,0,0,0
360,2,17.8097,45.3758,-466.155,0,0,0
360,3,17.0251,44.75,-460.267,0,0,0
360,4,16.4807,43.4981,-460.266,0,0,0
361,0,16.8741,42.872,-458.195,0,0,0
361,1,16.5638,41.7767,-455.429,0,0,0
361,2,16.0964,40.2118,-450.927,0,0,0
361,3,15.552,39.6639,-450.92,0,0,0
361,4,15.7098,38.2558,-450.93,0,0,0
362,0,14.9306,38.1774,-449.556,0,0,0
362,1,14.9306,37.2383,-446.778,0,0,0
362,2,15.0861,36.7688,-443.322,0,0,0
362,3,14.1491,36.2995,-440.901,0,0,0
362,4,14.6203,35.5171,-440.559,0,0,0
363,0,14.1521,35.2822,-435.714,0,0,0
363,1,14.3107,34.4215,-432.942,0,0,0
363,2,13.9966,33.9521,-432.599,0,0,0
363,3,13.8441,33.561,-436.746,0,0,0
363,4,13.7655,32.935,-436.074,0,0,0
364,0,13.7648,32.3088,-433.635,0,0,0
364,1,13.767,31.8394,-430.539,0,0,0
364,2,14.0019,30.9006,-430.18,0,0,0
364,3,13.2204,30.4311,-430.541,0,0,0
364,4,13.8463,29.3356,-426.374,0,0,0
365,0,13.6138,28.9445,-424.646,0,0,0
365,1,13.6161,28.0054,-420.498,0,0,0
365,2,13.5368,27.6143,-418.419,0,0,0
365,3,13.2242,27.0668,-422.574,0,0,0
365,4,13.6168,26.3625,-418.424,0,0,0
366,0,13.6176,25.1889,-415.657,0,0,0
366,1,13.7724,24.2502,-414.964,0,0,0
366,2,13.3034,23.6242,-410.116,0,0,0
366,3,13.9317,22.9199,-412.197,0,0,0
366,4,13.6221,22.0592,-408.389,0,0,0
367,0,14.0895,21.1204,-407.009,0,0,0
367,1,13.6999,20.2601,-407.696,0,0,0
367,2,13.9362,19.8687,-406.319,0,0,0
367,3,14.014,18.9299,-409.776,0,0,0
367,4,13.8577,18.3821,-404.935,1.81601,-4.5936,-24.5258
368,0,14.1711,17.2086,-404.59,0,0,0
368,1,14.2488,16.2698,-401.823,0,0,0
368,2,13.8615,16.1133,-402.168,0,0,0
368,3,14.4089,15.1741,-400.785,0,0,0
368,4,14.3304,14.7831,-395.246,0,0,0
369,0,14.4105,13.5314,-397.67,0,0,0
369,1,14.5675,12.8272,-395.939,0,0,0
369,2,14.0986,12.749,-397.326,0,0,0
369,3,14.489,11.6536,-397.325,0,0,0
369,4,14.4112,11.106,-393.523,0,0,0
370,0,14.8054,9.93248,-392.142,0,0,0
370,1,14.7269,9.61948,-390.401,0,0,0
370,2,14.4143,8.75874,-389.366,0,0,0
370,3,15.121,7.9762,-389.375,0,0,0
370,4,15.2758,7.74171,-386.936,0,0,0
371,0,15.2773,6.56822,-389.022,0,0,0
371,1,15.4344,6.09868,-386.936,0,0,0
371,2,15.1996,5.94214,-390.409,0,0,0
371,3,15.5922,4.61218,-387.284,0,0,0
371,4,15.8271,4.14272,-385.572,0,0,0
372,0,15.5922,3.04742,-382.102,0,0,0
372,1,16.0642,2.89088,-383.147,0,0,0
372,2,15.9071,2.10858,-383.141,0,0,0
372,3,16.1419,1.01335,-381.762,0,0,0
372,4,15.9872,0.935083,-378.641,0,0,0
373,0,16.3783,-0.00359971,-380.028,0,0,0
373,1,15.6753,-0.394949,-381.068,0,0,0
373,2,15.9887,-1.17733,-383.492,0,0,0
373,3,16.4568,-1.88144,-379.341,0,0,0
373,4,15.7561,-2.66382,-378.308,0,0,0
374,0,16.3051,-3.36802,-377.261,0,0,0
374,1,16.148,-3.99386,-379.681,0,0,0
374,2,16.6177,-4.93294,-375.884,0,0,0
374,3,16.7732,-5.16743,-377.267,0,0,0
374,4,16.6207,-6.02792,-376.227,0,0,0
375,0,16.3851,-6.65392,-377.262,0,0,0
375,1,16.3066,-6.81055,-378.305,0,0,0
375,2,16.3096,-7.82742,-379.001,0,0,0
375,3,16.9333,-8.4535,-374.151,0,0,0
375,4,16.2318,-9.00107,-373.806,0,0,0
376,0,17.0149,-9.62691,-372.764,0,0,0
376,1,16.6245,-10.2528,-374.147,0,0,0
376,2,16.5483,-10.3311,-373.462,0,0,0
376,3,16.7038,-10.9569,-371.725,0,0,0
376,4,16.7061,-11.5045,-375.882,0,0,0
377,0,16.3149,-11.5829,-375.883,0,0,0
377,1,16.3942,-12.4435,-377.266,0,0,0
377,2,16.3942,-12.8347,-373.797,0,0,0
377,3,16.552,-13.5387,-375.883,0,0,0
377,4,16.7884,-14.4777,-374.153,0,0,0
378,0,16.3973,-14.7122,-376.569,0,0,0
378,1,16.321,-15.7295,-374.152,0,0,0
378,2,16.5543,-16.0423,-376.918,0,0,0
378,3,16.2448,-16.7465,-376.233,0,0,0
378,4,16.1655,-17.7635,-381.42,0,0,0
379,0,15.6988,-17.9204,-379,0,0,0
379,1,16.4811,-18.7026,-380.733,0,0,0
379,2,16.4819,-19.0156,-377.615,0,0,0
379,3,16.0137,-20.0327,-378.307,0,0,0
379,4,16.7975,-20.3455,-379.34,0,0,0
380,0,16.17,-20.5803,-381.071,0,0,0
380,1,16.4864,-21.5973,-382.119,0,0,0
380,2,16.6427,-21.9886,-380.033,0,0,0
380,3,16.5657,-22.5362,-384.189,0,0,0
380,4,16.4872,-22.6928,-383.492,0,0,0
381,0,16.4102,-22.9274,-390.071,0,0,0
381,1,17.0354,-23.9446,-385.223,0,0,0
381,2,16.9584,-24.6486,-386.61,0,0,0
381,3,17.1139,-25.5091,-386.256,0,0,0
381,4,16.9591,-25.5875,-391.108,0,0,0
382,0,17.0377,-26.448,-392.49,0,0,0
382,1,17.5081,-26.8392,-392.143,0,0,0
382,2,17.1192,-27.5433,-396.302,0,0,0
382,3,17.5881,-27.7,-396.64,0,0,0
382,4,17.0415,-27.7783,-398.718,0,0,0
383,0,17.5889,-28.7953,-401.835,0,0,0
383,1,17.6659,-29.1083,-398.723,0,0,0
383,2,17.3556,-29.656,-401.491,0,0,0
383,3,17.3563,-30.2818,-404.252,0,0,0
383,4,17.2,-30.9862,-405.985,0,0,0
384,0,17.9053,-32.238,-408.753,0,0,0
384,1,17.9076,-32.3162,-405.981,0,0,0
384,2,17.752,-33.4898,-413.258,0,0,0
384,3,17.7505,-34.0373,-414.288,0,0,0
384,4,18.3765,-34.5851,-420.178,0,0,0
385,0,18.2987,-35.8369,-418.441,0,0,0
385,1,18.5358,-36.6974,-417.064,0,0,0
385,2,17.9884,-37.7149,-421.206,0,0,0
385,3,18.5381,-38.8099,-424.326,0,0,0
385,4,18.0692,-39.7489,-425.361,0,0,0
386,0,18.8545,-40.8442,-423.629,0,0,0
386,1,18.6204,-41.4701,-425.699,0,0,0
386,2,18.6204,-42.722,-431.234,0,0,0
386,3,18.5449,-43.0349,-434.009,0,0,0
386,4,18.7798,-44.3649,-437.126,0,0,0
387,0,19.2479,-45.3822,-435.74,0,0,0
387,1,18.5457,-46.3991,-438.16,0,0,0
387,2,19.2532,-47.4946,-439.193,0,0,0
387,3,18.9399,-48.4334,-444.388,0,0,0
387,4,19.3318,-49.5288,-445.774,0,0,0
388,0,19.4896,-50.3894,-447.499,0,0,0
388,1,19.6482,-51.7192,-453.384,0,0,0
388,2,19.4903,-52.6583,-456.846,0,0,0
388,3,19.4141,-53.5189,-461.34,0,0,0
388,4,20.0393,-54.9272,-461,0,0,0
389,0,20.1994,-55.7096,-462.375,0,0,0
389,1,20.1209,-56.8833,-465.487,0,0,0
389,2,20.2009,-57.822,-467.901,0,0,0
389,3,20.592,-58.6826,-472.067,0,0,0
389,4,20.4395,-60.091,-472.064,0,0,0
390,0,20.4388,-61.108,-476.557,0,0,0
390,1,20.0484,-62.751,-481.403,0,0,0
390,2,20.0499,-63.1424,-485.562,0,0,0
390,3,20.5996,-64.6289,-489.022,0,0,0
390,4,20.5996,-65.333,-489.365,0,0,0
391,0,20.3671,-66.976,-492.819,0,0,0
391,1,21.2271,-67.9931,-495.589,0,0,0
391,2,20.2115,-68.9318,-502.157,0,0,0
391,3,20.7643,-70.8096,-508.065,0,0,0
391,4,20.5279,-71.9052,-506.998,0,0,0
392,0,20.6095,-72.8439,-513.589,0,0,0
392,1,20.688,-73.9395,-519.806,0,0,0
392,2,20.0651,-74.9564,-525.357,0,0,0
392,3,21.0014,-76.0519,-526.04,0,0,0
392,4,20.8466,-76.9906,-528.803,0,0,0
393,0,20.8489,-78.1642,-529.495,0,0,0
393,1,20.5355,-79.3378,-535.379,0,0,0
393,2,20.0674,-80.5896,-540.572,0,0,0
393,3,20.7741,-81.7632,-540.222,0,0,0
393,4,20.4631,-82.9369,-548.87,0,0,0
394,0,19.9941,-84.1104,-551.639,0,0,0
394,1,20.5408,-84.893,-554.062,0,0,0
394,2,20.3868,-86.0665,-561.68,0,0,0
394,3,21.0128,-87.553,-560.288,0,0,0
394,4,20.3868,-89.2744,-563.744,0,0,0
395,0,20.4676,-90.9172,-568.591,0,0,0
395,1,20.2343,-92.2473,-568.932,0,0,0
395,2,20.6277,-93.6557,-576.555,0,0,0
395,3,20.2373,-94.9075,-574.119,0,0,0
395,4,20.3174,-96.4723,-584.163,0,0,0
396,0,20.3944,-97.6458,-586.582,0,0,0
396,1,20.3181,-98.5847,-594.545,0,0,0
396,2,20.7878,-100.541,-595.244,0,0,0
396,3,20.7077,-101.793,-595.924,0,0,0
396,4,20.3211,-103.749,-597.653,0,0,0
397,0,20.556,-105.078,-604.23,0,0,0
397,1,20.0878,-106.565,-607,0,0,0
397,2,20.4012,-108.13,-611.495,0,0,0
397,3,20.8716,-109.616,-609.763,0,0,0
397,4,19.856,-110.947,-615.647,0,0,0
398,0,20.3272,-112.668,-621.878,0,0,0
398,1,20.0146,-113.763,-622.917,0,0,0
398,2,20.0946,-115.563,-626.722,0,0,0
398,3,20.1724,-117.362,-623.94,0,0,0
398,4,19.8636,-118.927,-631.217,0,0,0
399,0,19.6288,-120.726,-631.555,0,0,0
399,1,19.1614,-121.822,-636.756,0,0,0
399,2,19.2399,-124.091,-638.47,0,0,0
399,3,19.6341,-125.264,-642.982,0,0,0
399,4,18.851,-127.142,-647.474,0,0,0
400,0,18.697,-128.472,-649.211,0,0,0
400,1,18.6985,-129.568,-651.981,0,0,0
400,2,18.0725,-131.837,-653.356,0,0,0
400,3,18.4629,-133.089,-652.669,0,0,0
400,4,17.917,-134.731,-656.129,0,0,0
401,0,17.8415,-136.453,-660.284,0,0,0
401,1,17.4526,-138.096,-662.009,0,0,0
401,2,17.6882,-139.817,-663.05,0,0,0
401,3,17.0645,-141.304,-666.164,0,0,0
401,4,17.0638,-142.79,-669.982,0,0,0
402,0,16.7519,-144.824,-672.74,0,0,0
402,1,17.0668,-146.233,-671.013,0,0,0
402,2,16.8312,-147.876,-673.431,0,0,0
402,3,16.6779,-149.831,-671.014,0,0,0
402,4,16.132,-151.944,-678.28,0,0,0
403,0,16.3668,-152.961,-676.901,0,0,0
403,1,16.0542,-154.995,-676.888,0,0,0
403,2,16.2135,-157.108,-680.352,0,0,0
403,3,15.5891,-157.968,-679.661,0,0,0
403,4,15.5128,-160.003,-683.125,0,0,0
404,0,15.5128,-161.724,-680.353,0,0,0
404,1,15.4343,-163.367,-679.66,0,0,0
404,2,15.5929,-165.792,-680.697,0,0,0
404,3,15.204,-167.357,-679.659,0,0,0
404,4,14.8937,-168.922,-684.162,0,0,0
405,0,14.9714,-170.643,-681.041,0,0,0
405,1,14.8167,-171.895,-684.509,0,0,0
405,2,14.5826,-174.007,-684.512,0,0,0
405,3,14.2707,-174.946,-682.789,0,0,0
405,4,14.4263,-176.98,-690.74,0,0,0
406,0,14.5056,-178.467,-682.094,0,0,0
406,1,14.5048,-180.344,-683.473,0,0,0
406,2,14.3515,-182.144,-679.326,0,0,0
406,3,13.4922,-183.552,-681.056,0,0,0
406,4,13.7293,-185.195,-681.737,0,0,0
407,0,13.4953,-186.369,-677.245,0,0,0
407,1,13.573,-188.011,-677.94,0,0,0
407,2,13.1834,-189.576,-676.207,0,0,0
407,3,12.9508,-191.141,-677.597,0,0,0
407,4,13.1834,-193.097,-675.174,0,0,0
408,0,13.0301,-194.896,-668.946,0,0,0
408,1,13.0339,-197.008,-667.213,1.52166,-1.53977,-25.909
408,2,12.7206,-198.182,-664.446,0.896449,0.181293,-27.2927
408,3,12.1762,-199.59,-665.832,1.05428,2.29363,-27.9835
408,4,12.6458,-200.685,-664.094,0.660858,2.0589,-33.8707
409,0,12.3347,-202.25,-660.989,0.114933,1.19817,-35.9507
409,1,12.8059,-203.814,-659.257,-0.432506,2.60631,-44.6059
409,2,12.4941,-204.988,-656.839,-0.355492,3.46656,-57.4179
409,3,12.4163,-206.709,-657.526,-0.357769,5.18714,-78.5435
409,4,12.9645,-208.117,-648.539,-0.672646,9.56715,-120.434
410,0,12.7319,-209.447,-644.377,-1.38474,16.9964,-188.991
410,1,12.6572,-211.246,-636.772,-2.80741,27.2425,-294.252
410,2,12.5779,-211.95,-635.043,-3.97775,40.7756,-435.167
410,3,11.6416,-212.576,-633.307,-3.58887,51.3369,-566.039
410,4,12.112,-213.358,-627.084,-0.146377,52.9024,-615.547
411,0,11.0949,-213.984,-626.392,2.20119,40.2294,-567.087
411,1,11.409,-215.549,-623.285,3.53089,32.0159,-501.305
411,2,11.6439,-216.957,-619.821,8.9268,38.3528,-490.222
411,3,11.9565,-218.209,-613.252,10.9572,40.8559,-539.728
411,4,11.7224,-218.287,-600.444,10.6439,43.5157,-585.078
412,0,10.9439,-219.069,-595.603,12.913,50.0874,-565.693
412,1,10.0046,-219.382,-596.648,13.8538,48.8361,-500.604
412,2,10.3179,-220.399,-593.875,13.6197,47.5062,-449.363
412,3,11.5691,-220.868,-590.423,15.2613,51.8086,-449.703
412,4,11.2565,-220.79,-574.499,14.322,56.1112,-487.786
413,0,10.5535,-220.79,-570.011,13.6975,58.6927,-513.752
413,1,9.53718,-221.181,-563.083,14.4021,61.9786,-507.179
413,2,9.84979,-221.259,-559.629,15.3384,63.3083,-476.018
413,3,9.5349,-220.946,-553.061,15.2598,64.4814,-462.513
413,4,9.84751,-220.476,-536.793,15.3369,68.3146,-475.316
414,0,10.2417,-219.068,-526.759,15.2583,72.0694,-497.482
414,1,8.90969,-217.816,-519.492,14.0857,75.2772,-513.406
414,2,8.36377,-216.72,-513.268,13.3034,79.1885,-509.602
414,3,8.98823,-215.781,-510.853,11.8182,81.9264,-496.098
414,4,8.67411,-214.295,-499.779,10.7225,84.6641,-491.94
415,0,7.9734,-212.886,-490.784,8.61281,88.106,-494.713
415,1,7.73629,-210.852,-476.598,6.57935,90.9221,-505.795
415,2,6.32652,-209.209,-467.609,3.91991,93.5035,-510.645
415,3,6.7962,-207.956,-456.535,2.12129,95.6937,-507.527
415,4,6.24876,-205.453,-444.43,0.243366,97.6493,-500.945
416,0,5.23317,-203.497,-436.459,-1.47445,98.6659,-487.791
416,1,4.68498,-200.68,-424.707,-2.96047,99.8391,-490.907
416,2,4.21607,-198.255,-411.209,-4.68209,100.699,-492.641
416,3,3.82342,-195.594,-398.415,-5.69921,100.308,-501.641
416,4,3.19669,-191.526,-389.061,-7.41703,100.073,-506.492
417,0,2.56693,-187.301,-379.734,-8.11925,100.699,-498.529
417,1,1.9402,-184.015,-361.392,-8.35409,99.6032,-497.142
417,2,1.07712,-180.025,-344.445,-8.58361,98.7427,-501.647
417,3,0.920063,-176.895,-327.835,-9.04948,99.1338,-522.075
417,4,0.134757,-171.732,-314.344,-10.5347,99.6031,-543.887
418,0,-0.339461,-166.098,-308.463,-13.503,100.933,-549.777
418,1,-0.5796,-159.135,-298.087,-17.6446,102.42,-550.814
418,2,-1.20936,-151.781,-281.136,-20.7715,103.672,-548.047
418,3,-0.66874,-144.505,-268.334,-24.6814,105.628,-555.666
418,4,-0.681639,-134.334,-252.759,-28.1193,108.366,-572.976
419,0,1.56011,-112.819,-243.079,-30.9335,112.668,-584.402
419,1,1.95735,-105.074,-238.927,-33.0439,116.893,-592.366
419,2,-1.64678,-114.148,-225.438,-34.8456,119.786,-590.285
419,3,-1.80231,-108.985,-216.439,-37.271,122.602,-598.945
419,4,-2.43055,-100.927,-198.445,-37.9747,126.279,-617.637
420,0,-4.07288,-102.805,-191.869,-39.386,131.99,-635.991
420,1,-5.17232,-99.6749,-182.532,-40.6357,138.013,-652.607
420,2,-4.39383,-92.7908,-182.539,-39.1519,144.193,-659.186
420,3,-4.32061,-88.644,-180.806,-37.3525,151.156,-665.072
420,4,-5.34228,-84.6539,-171.115,-35.55,157.335,-678.923
421,0,-4.72312,-77.9257,-169.048,-32.6565,164.298,-694.847
421,1,-4.64838,-72.5274,-159.704,-30.2319,171.574,-712.154
421,2,-5.27891,-68.1463,-155.205,-27.4153,179.005,-717
421,3,-4.96933,-64.391,-157.279,-24.6743,186.516,-721.501
421,4,-5.7554,-58.8366,-152.78,-21.4681,193.635,-728.074
422,0,-6.38593,-55.2378,-151.054,-19.0427,201.38,-735.694
422,1,-6.38896,-51.2478,-141.716,-16.8499,208.029,-750.582
422,2,-6.23492,-47.3361,-133.752,-15.2869,213.975,-760.966
422,3,-6.00388,-44.0504,-130.975,-14.0364,218.981,-766.852
422,4,-6.40034,-41.3901,-131.677,-13.0971,222.501,-773.085
423,0,-5.54256,-39.2778,-124.754,-11.534,225.239,-778.278
423,1,-5.07517,-37.0872,-119.225,-9.81087,227.037,-794.894
423,2,-6.01602,-34.5837,-105.715,-7.62185,228.289,-808.739
423,3,-5.54787,-33.3318,-107.11,-5.11415,228.367,-819.82
423,4,-5.00346,-31.0632,-99.1461,-2.52639,226.88,-825.013
424,0,-4.76938,-29.4982,-102.615,0.136848,224.846,-826.399
424,1,-4.30503,-28.2466,-95.0106,1.8615,221.639,-834.359
424,2,-3.52503,-26.369,-89.1171,2.96019,218.979,-842.669
424,3,-3.5235,-25.1954,-81.1593,3.35284,216.084,-850.982
424,4,-2.90133,-23.6306,-74.5848,4.13587,213.112,-856.521
425,0,-2.82431,-22.4571,-72.8556,3.90407,210.843,-854.441
425,1,-2.04279,-21.5183,-66.2803,3.51521,209.044,-863.098
425,2,-1.88877,-20.2664,-60.0443,3.35662,208.262,-868.29
425,3,-1.73246,-19.4839,-58.6611,2.49733,208.575,-879.718
425,4,-1.96729,-18.0758,-51.7426,1.87212,208.966,-894.603
426,0,-1.26658,-16.4327,-48.9772,1.32087,210.139,-897.373
426,1,-0.87696,-15.2594,-48.6348,0.616368,211.078,-904.992
426,2,-0.485059,-14.7901,-40.3204,-0.716393,212.174,-911.222
426,3,-0.565869,-13.6947,-41.3691,-1.89133,213.347,-919.878
426,4,-0.0207044,-12.6776,-34.0915,-2.83295,214.286,-929.92
427,0,0.3712,-10.9564,-30.9853,-3.22333,215.303,-932.69
427,1,0.682289,-10.0177,-25.7807,-3.85006,215.929,-940.998
427,2,0.837076,-8.53116,-27.1754,-4.08642,215.772,-941.344
427,3,1.06811,-8.21808,-30.6397,-4.31897,215.538,-945.845
427,4,1.53703,-6.10607,-25.1044,-4.47452,214.521,-954.15
428,0,0,0,0,-4.39523,213.66,-954.503
428,1,0,0,0,-4.39599,212.173,-956.578
428,2,0,0,0,-4.31519,210.296,-957.619
428,3,0,0,0,-4.23666,208.731,-956.925
428,4,0,0,0,-4.23514,206.619,-958.313
429,0,0,0,0,-4.70406,204.82,-957.62
429,1,0,0,0,-5.01743,202.942,-964.541
429,2,0,0,0,-5.95602,201.065,-962.123
429,3,0,0,0,-6.50423,199.344,-963.852
429,4,0,0,0,-7.83396,197.936,-968.35
430,0,0,0,0,-8.92885,196.606,-969.046
430,1,0,0,0,-10.2601,194.729,-971.123
430,2,0,0,0,-11.9802,193.477,-974.936
430,3,0,0,0,-13.1544,191.991,-977.702
430,4,0,0,0,-14.796,190.583,-979.778
431,0,0,0,0,-16.2843,189.175,-978.049
431,1,0,0,0,-17.3006,187.298,-982.897
431,2,0,0,0,-18.7874,185.499,-983.248
431,3,0,0,0,-19.5705,183.699,-985.67
431,4,0,0,0,-20.1972,181.274,-985.668
432,0,0,0,0,-21.6032,179.084,-982.904
432,1,0,0,0,-21.838,176.972,-984.978
432,2,0,0,0,-22.3855,175.094,-981.517
432,3,0,0,0,-23.0122,172.904,-984.63
432,4,0,0,0,-23.6359,170.792,-986.363
433,0,0,0,0,-23.7937,169.384,-980.475
433,1,0,0,0,-24.2627,167.272,-981.514
433,2,0,0,0,-25.0457,165.942,-981.518
433,3,0,0,0,-25.6702,164.534,-979.782
433,4,0,0,0,-26.0628,162.422,-978.743
434,0,0,0,0,-27.0784,161.562,-974.593
434,1,0,0,0,-27.4703,160.232,-974.249
434,2,0,0,0,-28.4104,159.293,-973.551
434,3,0,0,0,-29.6609,157.885,-970.44
434,4,0,0,0,-30.4432,156.634,-971.132
435,0,0,0,0,-31.2277,155.773,-965.244
435,1,0,0,0,-31.9299,153.818,-963.167
435,2,0,0,0,-33.2604,153.036,-962.473
435,3,0,0,0,-33.7301,151.549,-960.396
435,4,0,0,0,-34.3568,149.829,-955.897
436,0,0,0,0,-35.6073,148.577,-951.397
436,1,0,0,0,-36.3903,147.325,-952.437
436,2,0,0,0,-36.4696,145.996,-947.24
436,3,0,0,0,-37.409,144.51,-941.011
436,4,0,0,0,-38.0334,142.945,-941.011
437,0,0,0,0,-38.3491,142.006,-931.315
437,1,0,0,0,-38.818,140.207,-930.619
437,2,0,0,0,-39.3639,138.956,-925.774
437,3,0,0,0,-39.8359,137.235,-922.312
437,4,0,0,0,-40.0722,135.514,-918.155
438,0,0,0,0,-40.8545,134.184,-910.887
438,1,0,0,0,-41.0901,132.776,-908.466
438,2,0,0,0,-41.6399,130.899,-900.156
438,3,0,0,0,-41.6399,129.021,-897.384
438,4,0,0,0,-41.5621,127.457,-895.31
439,0,0,0,0,-41.4851,126.049,-885.959
439,1,0,0,0,-41.5644,123.702,-886.303
439,2,0,0,0,-41.8,122.059,-878.689
439,3,0,0,0,-41.5652,120.182,-874.533
439,4,0,0,0,-41.4111,118.617,-871.762
440,0,0,0,0,-41.6445,117.131,-862.763
440,1,0,0,0,-41.4904,115.253,-860.683
440,2,0,0,0,-41.2564,113.845,-852.377
440,3,0,0,0,-41.1778,111.889,-848.913
440,4,0,0,0,-40.4733,110.168,-845.45
441,0,0,0,0,-40.7097,109.151,-836.102
441,1,0,0,0,-40.3208,106.883,-834.022
441,2,0,0,0,-40.3209,105.475,-825.021
441,3,0,0,0,-40.0082,104.145,-819.829
441,4,0,0,0,-39.9328,102.111,-816.019
442,0,0,0,0,-39.6972,100.39,-807.711
442,1,0,0,0,-39.6194,99.1381,-802.171
442,2,0,0,0,-39.6202,97.9646,-796.975
442,3,0,0,0,-39.5416,96.0088,-791.437
442,4,0,0,0,-39.152,94.4443,-787.973
443,0,0,0,0,-39.2298,93.3492,-779.32
443,1,0,0,0,-38.9965,91.7063,-776.547
443,2,0,0,0,-38.7609,89.9852,-767.545
443,3,0,0,0,-38.6069,88.89,-763.045
443,4,0,0,0,-38.4506,87.0908,-759.581
444,0,0,0,0,-38.4498,85.7609,-750.926
444,1,0,0,0,-38.3721,84.1963,-745.387
444,2,0,0,0,-38.6862,83.2574,-741.58
444,3,0,0,0,-38.5306,81.38,-733.963
444,4,0,0,0,-38.6084,80.0499,-729.116
445,0,0,0,0,-38.4529,79.1113,-720.807
445,1,0,0,0,-37.907,77.5467,-718.031
445,2,0,0,0,-38.141,75.7473,-710.072
445,3,0,0,0,-38.2181,74.8086,-706.258
445,4,0,0,0,-37.9093,73.4006,-701.76
446,0,0,0,0,-37.9085,71.7576,-691.722
446,1,0,0,0,-37.9093,70.4278,-687.912
446,2,0,0,0,-37.9093,69.3325,-681.68
446,3,0,0,0,-37.8323,67.6115,-677.526
446,4,0,0,0,-37.4411,65.8121,-673.719
447,0,0,0,0,-37.1293,64.9518,-665.058
447,1,0,0,0,-36.5026,63.0741,-662.983
447,2,0,0,0,-36.4255,61.5095,-655.712
447,3,0,0,0,-36.0367,60.6489,-650.518
447,4,0,0,0,-35.8019,59.0062,-648.437
448,0,0,0,0,-35.2552,57.6762,-638.396
448,1,0,0,0,-35.0981,56.4245,-634.243
448,2,0,0,0,-34.7085,55.7987,-628.357
448,3,0,0,0,-34.0833,54.2341,-621.778
448,4,0,0,0,-33.8492,52.6694,-619.357
449,0,0,0,0,-33.2232,51.8089,-609.661
449,1,0,0,0,-32.4425,50.0877,-605.854
449,2,0,0,0,-32.0529,48.9144,-601.003
449,3,0,0,0,-31.5062,47.5061,-595.464
449,4,0,0,0,-30.8802,46.0979,-592.694
450,0,0,0,0,-30.1788,45.0027,-584.732
450,1,0,0,0,-29.3164,43.5946,-582.308
450,2,0,0,0,-28.7698,42.4209,-577.112
450,3,0,0,0,-28.1453,41.0911,-569.843
450,4,0,0,0,-27.2075,39.8393,-567.419
451,0,0,0,0,-26.7386,38.5875,-561.189
451,1,0,0,0,-26.0341,37.4924,-556.684
451,2,0,0,0,-25.2541,36.2406,-552.184
451,3,0,0,0,-24.5488,35.5364,-545.605
451,4,0,0,0,-23.9236,34.2063,-544.22
452,0,0,0,0,-23.1429,32.9547,-537.986
452,1,0,0,0,-22.5169,32.0942,-533.834
452,2,0,0,0,-21.6568,30.7641,-529.331
452,3,0,0,0,-21.2665,29.7472,-524.136
452,4,0,0,0,-20.5635,28.7301,-521.366
453,0,0,0,0,-20.0938,27.1653,-515.484
453,1,0,0,0,-19.313,26.5395,-511.673
453,2,0,0,0,-18.7671,25.4443,-507.172
453,3,0,0,0,-17.9826,24.2706,-503.364
453,4,0,0,0,-17.6707,23.5665,-500.593
454,0,0,0,0,-16.5781,22.3932,-496.437
454,1,0,0,0,-15.8736,21.2198,-492.631
454,2,0,0,0,-15.7974,20.3591,-488.823
454,3,0,0,0,-15.0921,19.4985,-486.394
454,4,0,0,0,-14.6232,18.8726,-480.512
455,0,0,0,0,-14.0758,17.4644,-476.355
455,1,0,0,0,-13.8417,17.2298,-474.625
455,2,0,0,0,-13.218,16.2129,-469.43
455,3,0,0,0,-12.7483,15.3522,-463.891
455,4,0,0,0,-12.5112,14.8827,-463.196
456,0,0,0,0,-11.889,14.1006,-458.696
456,1,0,0,0,-11.1853,12.927,-456.617
456,2,0,0,0,-11.1868,12.3013,-452.12
456,3,0,0,0,-10.9512,11.5189,-449.347
456,4,0,0,0,-10.5624,10.893,-446.924
457,0,0,0,0,-10.0134,9.79782,-442.424
457,1,0,0,0,-9.77857,9.48497,-441.383
457,2,0,0,0,-9.39047,8.62432,-438.268
457,3,0,0,0,-9.15564,7.76367,-433.074
457,4,0,0,0,-9.23417,7.05972,-434.803
458,0,0,0,0,-8.8438,6.43388,-428.92
458,1,0,0,0,-8.68902,5.2603,-426.841
458,2,0,0,0,-8.76603,3.77389,-423.38
458,3,0,0,0,-9.15793,3.07002,-420.607
458,4,0,0,0,-8.61125,3.46105,-420.61
459,0,0,0,0,-8.61201,2.91348,-412.642
459,1,0,0,0,-8.53348,2.20953,-412.994
459,2,0,0,0,-8.14386,2.05307,-410.916
459,3,0,0,0,-8.14386,2.05291,-406.069
459,4,0,0,0,-8.45647,1.27077,-409.181
460,0,0,0,0,-7.9868,1.34895,-404.683
460,1,0,0,0,-7.83126,0.644922,-401.566
460,2,0,0,0,-7.83278,0.566652,-399.143
460,3,0,0,0,-7.98909,0.0972712,-397.757
460,4,0,0,0,-7.75577,-0.29392,-398.105
461,0,0,0,0,-7.75501,-0.52841,-392.567
461,1,0,0,0,-7.75654,-0.841411,-392.563
461,2,0,0,0,-7.83507,-1.38898,-389.794
461,3,0,0,0,-7.91284,-1.46725,-387.716
461,4,0,0,0,-7.83735,-1.93639,-386.327
462,0,0,0,0,-7.91436,-2.48412,-383.562
462,1,0,0,0,-8.14996,-2.9535,-382.524
462,2,0,0,0,-8.15072,-3.03169,-379.063
462,3,0,0,0,-8.3848,-3.81391,-376.983
462,4,0,0,0,-8.6204,-3.97045,-378.02
463,0,0,0,0,-8.77898,-4.20502,-374.56
463,1,0,0,0,-8.69893,-4.67441,-375.944
463,2,0,0,0,-8.93529,-4.90906,-372.137
463,3,0,0,0,-8.93605,-5.37836,-371.791
463,4,0,0,0,-9.09236,-6.23893,-370.403
464,0,0,0,0,-9.56051,-6.31712,-367.29
464,1,0,0,0,-9.64132,-6.86461,-370.058
464,2,0,0,0,-9.25094,-7.02115,-365.209
464,3,0,0,0,-9.7191,-7.7251,-363.133
464,4,0,0,0,-9.95545,-8.27283,-368.675
465,0,0,0,0,-10.0347,-8.35094,-360.709
465,1,0,0,0,-10.111,-8.89859,-361.055
465,2,0,0,0,-10.1903,-9.13324,-358.631
465,3,0,0,0,-10.4259,-9.44616,-360.706
465,4,0,0,0,-10.4267,-10.3848,-359.324
466,0,0,0,0,-10.74,-10.3848,-355.172
466,1,0,0,0,-10.9756,-10.776,-357.94
466,2,0,0,0,-10.8971,-11.0889,-354.132
466,3,0,0,0,-11.2105,-11.4016,-353.785
466,4,0,0,0,-10.9749,-11.9494,-359.326
467,0,0,0,0,-11.4461,-12.2624,-351.018
467,1,0,0,0,-11.3683,-12.7317,-353.44
467,2,0,0,0,-11.6031,-12.5751,-353.093
467,3,0,0,0,-11.6039,-12.888,-354.477
467,4,0,0,0,-11.7617,-13.4355,-354.478
468,0,0,0,0,-11.9173,-13.6703,-352.401
468,1,0,0,0,-11.8395,-13.5921,-354.478
468,2,0,0,0,-11.9173,-14.1396,-354.477
468,3,0,0,0,-11.995,-14.2961,-353.785
468,4,0,0,0,-11.9973,-14.4526,-355.517
469,0,0,0,0,-11.8402,-14.609,-353.092
469,1,0,0,0,-12.2337,-14.6872,-354.476
469,2,0,0,0,-11.9203,-15.0784,-354.478
469,3,0,0,0,-12.3892,-15.0784,-354.821
469,4,0,0,0,-12.0774,-15.3911,-355.516
470,0,0,0,0,-11.9988,-15.8605,-354.825
470,1,0,0,0,-11.9988,-15.9388,-357.246
470,2,0,0,0,-12.3122,-15.9388,-356.555
470,3,0,0,0,-12.313,-16.4082,-357.594
470,4,0,0,0,-12.0774,-16.6428,-358.981
471,0,0,0,0,-12.1559,-17.0339,-359.325
471,1,0,0,0,-12.1574,-17.2688,-360.361
471,2,0,0,0,-12.0796,-17.4252,-360.016
471,3,0,0,0,-12.1567,-17.6598,-361.749
471,4,0,0,0,-12.3145,-17.9728,-363.822
472,0,0,0,0,-12.1582,-18.2856,-362.439
472,1,0,0,0,-12.1589,-18.6768,-364.168
472,2,0,0,0,-12.5501,-18.442,-363.825
472,3,0,0,0,-12.3938,-19.1461,-364.515
472,4,0,0,0,-12.4731,-19.7721,-366.25
473,0,0,0,0,-12.5501,-19.459,-364.172
473,1,0,0,0,-12.5508,-19.6154,-369.021
473,2,0,0,0,-12.5516,-20.1631,-365.555
473,3,0,0,0,-12.9435,-20.3978,-367.285
473,4,0,0,0,-12.788,-20.7888,-372.131
474,0,0,0,0,-12.711,-21.0235,-370.747
474,1,0,0,0,-12.8665,-21.493,-371.441
474,2,0,0,0,-12.711,-21.5712,-375.941
474,3,0,0,0,-12.7895,-22.1188,-374.9
474,4,0,0,0,-12.7903,-22.7447,-379.06
475,0,0,0,0,-12.9458,-22.901,-377.324
475,1,0,0,0,-12.8688,-22.9011,-380.788
475,2,0,0,0,-12.9473,-23.605,-380.789
475,3,0,0,0,-12.8688,-23.8399,-381.824
475,4,0,0,0,-13.2599,-23.8399,-384.942
476,0,0,0,0,-12.4014,-24.622,-384.593
476,1,0,0,0,-12.6355,-24.622,-386.329
476,2,0,0,0,-12.7918,-25.0915,-389.793
476,3,0,0,0,-12.4799,-25.4825,-390.481
476,4,0,0,0,-13.0281,-25.5607,-390.83
477,0,0,0,0,-12.8711,-26.265,-394.983
477,1,0,0,0,-12.7155,-26.0303,-395.331
477,2,0,0,0,-12.4029,-26.9691,-397.753
477,3,0,0,0,-12.2466,-27.1254,-398.445
477,4,0,0,0,-12.5577,-27.1255,-400.869
478,0,0,0,0,-12.0896,-28.0643,-404.327
478,1,0,0,0,-11.934,-28.2207,-405.37
478,2,0,0,0,-11.934,-28.8465,-409.525
478,3,0,0,0,-11.4659,-29.2376,-412.984
478,4,0,0,0,-11.7007,-29.3941,-412.637
479,0,0,0,0,-11.5444,-30.411,-417.832
479,1,0,0,0,-11.1518,-30.5676,-419.911
479,2,0,0,0,-11.3103,-30.9586,-420.258
479,3,0,0,0,-10.8414,-31.8192,-424.063
479,4,0,0,0,-11.0747,-31.663,-424.411
480,0,0,0,0,-10.8399,-32.4451,-429.949
480,1,0,0,0,-10.6851,-32.8363,-430.297
480,2,0,0,0,-10.371,-33.1493,-433.067
480,3,0,0,0,-9.50943,-34.1662,-438.605
480,4,0,0,0,-10.1369,-34.3227,-439.292
481,0,0,0,0,-9.59025,-34.9485,-442.416
481,1,0,0,0,-9.8228,-35.8091,-447.26
481,2,0,0,0,-9.58797,-35.809,-450.377
481,3,0,0,0,-9.35618,-37.2173,-453.838
481,4,0,0,0,-8.57162,-37.6085,-453.147
482,0,0,0,0,-8.73173,-38.0778,-459.031
482,1,0,0,0,-8.57314,-38.8601,-463.186
482,2,0,0,0,-8.33831,-39.799,-465.264
482,3,0,0,0,-8.18201,-40.4248,-470.804
482,4,0,0,0,-8.18277,-41.2852,-470.456
483,0,0,0,0,-8.26283,-42.2241,-473.228
483,1,0,0,0,-8.18201,-43.0065,-476.686
483,2,0,0,0,-8.26207,-43.7885,-479.803
483,3,0,0,0,-7.63458,-44.884,-484.653
483,4,0,0,0,-7.7924,-45.7444,-485.343
484,0,0,0,0,-8.26208,-47.3091,-491.23
484,1,0,0,0,-7.63611,-47.7784,-492.96
484,2,0,0,0,-7.40203,-49.0301,-496.078
484,3,0,0,0,-7.55682,-50.1253,-500.236
484,4,0,0,0,-7.47905,-51.1423,-504.387
485,0,0,0,0,-7.16721,-52.1592,-509.23
485,1,0,0,0,-6.85308,-53.1762,-509.927
485,2,0,0,0,-7.00939,-54.2715,-516.849
485,3,0,0,0,-6.77532,-55.4448,-523.083
485,4,0,0,0,-6.93238,-56.3053,-522.387
486,0,0,0,0,-6.46271,-57.2441,-526.543
486,1,0,0,0,-6.38418,-58.4174,-530.351
486,2,0,0,0,-6.38419,-59.4342,-532.777
486,3,0,0,0,-6.53897,-60.2949,-536.24
486,4,0,0,0,-5.52262,-61.5465,-541.084
487,0,0,0,0,-5.91224,-62.407,-545.585
487,1,0,0,0,-5.75746,-63.5804,-548.01
487,2,0,0,0,-5.67741,-64.5974,-551.124
487,3,0,0,0,-5.6004,-65.6143,-553.547
487,4,0,0,0,-5.20851,-66.7094,-560.471
488,0,0,0,0,-5.20775,-67.6482,-561.513
488,1,0,0,0,-5.12922,-68.8215,-567.05
488,2,0,0,0,-4.81738,-69.9166,-574.316
488,3,0,0,0,-5.04917,-71.0118,-573.977
488,4,0,0,0,-4.50401,-72.2634,-579.86
489,0,0,0,0,-4.58103,-73.2805,-584.706
489,1,0,0,0,-4.97217,-74.6886,-589.901
489,2,0,0,0,-4.42321,-75.9403,-593.365
489,3,0,0,0,-4.50175,-77.1135,-594.751
489,4,0,0,0,-4.11061,-78.6781,-600.633
490,0,0,0,0,-4.34393,-79.2259,-600.976
490,1,0,0,0,-4.501,-80.7903,-606.518
490,2,0,0,0,-4.42247,-82.042,-612.4
490,3,0,0,0,-4.65731,-83.2152,-611.711
490,4,0,0,0,-4.65579,-85.3275,-616.211
491,0,0,0,0,-4.88911,-86.7356,-619.326
491,1,0,0,0,-4.88988,-88.4566,-623.827
491,2,0,0,0,-4.96765,-90.4123,-629.37
491,3,0,0,0,-4.88913,-92.3681,-629.714
491,4,0,0,0,-5.04391,-94.0892,-638.024
492,0,0,0,0,-5.27876,-96.0449,-637.331
492,1,0,0,0,-5.04392,-97.6095,-641.139
492,2,0,0,0,-5.12246,-99.487,-645.984
492,3,0,0,0,-4.88839,-101.13,-648.41
492,4,0,0,0,-5.12171,-103.164,-650.83
493,0,0,0,0,-5.20025,-104.963,-656.371
493,1,0,0,0,-5.35732,-106.841,-658.102
493,2,0,0,0,-5.28031,-108.64,-660.528
493,3,0,0,0,-5.66993,-110.361,-664.334
493,4,0,0,0,-5.98331,-112.239,-666.068
494,0,0,0,0,-5.43511,-114.507,-670.564
494,1,0,0,0,-5.59142,-116.072,-671.952
494,2,0,0,0,-5.51213,-117.324,-674.38
494,3,0,0,0,-5.35735,-119.905,-679.22
494,4,0,0,0,-5.6692,-121.783,-680.26
495,0,0,0,0,-5.74774,-123.113,-685.454
495,1,0,0,0,-5.51291,-124.834,-689.263
495,2,0,0,0,-5.90558,-126.946,-689.605
495,3,0,0,0,-5.19879,-129.215,-694.454
495,4,0,0,0,-5.19804,-131.171,-695.839
496,0,0,0,0,-5.27658,-132.657,-699.302
496,1,0,0,0,-4.88468,-135.16,-703.455
496,2,0,0,0,-4.65137,-136.96,-702.419
496,3,0,0,0,-4.80692,-138.916,-708.997
496,4,0,0,0,-4.80845,-140.871,-709.688
497,0,0,0,0,-4.3365,-142.827,-710.383
497,1,0,0,0,-4.17944,-144.705,-714.884
497,2,0,0,0,-4.02314,-146.661,-716.956
497,3,0,0,0,-3.78831,-148.929,-718.691
497,4,0,0,0,-3.94386,-150.651,-719.731
498,0,0,0,0,-4.02164,-152.372,-722.151
498,1,0,0,0,-3.55349,-154.406,-726.307
498,2,0,0,0,-3.4742,-156.518,-725.612
498,3,0,0,0,-3.55198,-158.317,-729.769
498,4,0,0,0,-3.16085,-160.195,-732.539
499,0,0,0,0,-2.84749,-162.542,-733.923
499,1,0,0,0,-3.23559,-164.263,-736.347
499,2,0,0,0,-2.61114,-166.219,-738.77
499,3,0,0,0,-2.53261,-167.705,-738.424
499,4,0,0,0,-2.76593,-169.896,-741.884
500,0,0,0,0,-2.53034,-171.695,-745.347
500,1,0,0,0,-2.29551,-172.947,-745.349
500,2,0,0,0,-2.29475,-175.137,-748.465
500,3,0,0,0,-2.68438,-176.545,-747.076
500,4,0,0,0,-2.29476,-178.345,-748.808
501,0,0,0,0,-2.13694,-180.3,-751.576
501,1,0,0,0,-2.3695,-182.1,-749.501
501,2,0,0,0,-2.4488,-183.899,-752.619
501,3,0,0,0,-2.29022,-185.542,-752.964
501,4,0,0,0,-2.05463,-187.341,-753.654
502,0,0,0,0,-1.81904,-189.219,-757.12
502,1,0,0,0,-1.89529,-190.94,-754.002
502,2,0,0,0,-2.12785,-192.582,-758.848
502,3,0,0,0,-1.89302,-194.382,-760.234
502,4,0,0,0,-1.8915,-196.025,-757.117
503,0,0,0,0,-2.28265,-198.371,-762.655
503,1,0,0,0,-1.81146,-200.562,-760.237
503,2,0,0,0,-1.81071,-202.361,-762.31
503,3,0,0,0,-1.65213,-204.082,-759.887
503,4,0,0,0,-1.96398,-205.725,-759.191
504,0,0,0,0,-1.73067,-206.977,-760.581
504,1,0,0,0,-1.57209,-208.698,-759.193
504,2,0,0,0,-1.80617,-210.419,-758.847
504,3,0,0,0,-1.56982,-212.531,-758.848
504,4,0,0,0,-1.88243,-213.861,-757.462
505,0,0,0,0,-1.80238,-215.191,-757.81
505,1,0,0,0,-1.56831,-217.069,-755.729
505,2,0,0,0,-1.7231,-218.946,-755.383
505,3,0,0,0,-1.72082,-220.511,-755.386
505,4,0,0,0,-1.64305,-222.936,-754.344
506,0,0,0,0,-2.11121,-224.423,-754.002
506,1,0,0,0,-1.71855,-225.909,-752.264
506,2,0,0,0,-1.95187,-227.552,-751.578
506,3,0,0,0,-1.71476,-229.586,-748.46
506,4,0,0,0,-1.55542,-231.15,-747.074
507,0,0,0,0,-2.10287,-232.245,-747.421
507,1,0,0,0,-1.86651,-233.966,-742.226
507,2,0,0,0,-1.55087,-235.765,-741.537
507,3,0,0,0,-1.93821,-236.86,-739.458
507,4,0,0,0,-2.01599,-238.738,-738.07
508,0,0,0,0,-1.85893,-240.302,-734.955
508,1,0,0,0,-1.54176,-241.945,-732.185
508,2,0,0,0,-1.85437,-243.666,-730.111
508,3,0,0,0,-1.54025,-245.387,-725.955
508,4,0,0,0,-2.00992,-246.404,-723.876
509,0,0,0,0,-2.00841,-248.047,-723.879
509,1,0,0,0,-1.61727,-249.456,-717.991
509,2,0,0,0,-1.22538,-251.411,-717.99
509,3,0,0,0,-1.38092,-252.585,-712.798
509,4,0,0,0,-0.912776,-253.915,-708.987
510,0,0,0,0,-1.22615,-255.011,-707.951
510,1,0,0,0,-0.598654,-256.341,-702.755
510,2,0,0,0,-0.597896,-257.436,-699.293
510,3,0,0,0,-0.520128,-258.61,-696.178
510,4,0,0,0,-0.363827,-259.705,-689.945
511,0,0,0,0,-0.674915,-260.096,-685.102
511,1,0,0,0,-0.284539,-261.192,-682.328
511,2,0,0,0,-0.205249,-262.13,-677.484
511,3,0,0,0,-0.283023,-263.148,-674.366
511,4,0,0,0,0.265939,-263.773,-668.483
512,0,0,0,0,0.185885,-264.243,-661.209
512,1,0,0,0,0.734846,-265.338,-657.054
512,2,0,0,0,0.658593,-266.199,-652.555
512,3,0,0,0,1.36234,-266.434,-649.093
512,4,0,0,0,1.75348,-267.216,-640.087
513,0,0,0,0,1.98983,-267.607,-634.552
513,1,0,0,0,2.22391,-267.842,-629.698
513,2,0,0,0,2.37869,-267.608,-622.777
513,3,0,0,0,3.08396,-268.156,-615.506
513,4,0,0,0,3.7877,-268.234,-609.967
514,0,0,0,0,4.09955,-268.156,-601.658
514,1,0,0,0,4.65004,-268.234,-594.043
514,2,0,0,0,5.04118,-267.687,-585.732
514,3,0,0,0,5.35455,-266.748,-576.732
514,4,0,0,0,5.90123,-266.435,-565.653
515,0,0,0,0,5.74797,-265.418,-559.417
515,1,0,0,0,6.60803,-264.636,-549.723
515,2,0,0,0,6.92064,-263.384,-544.187
515,3,0,0,0,7.78221,-261.663,-533.104
515,4,0,0,0,7.94004,-259.786,-527.218
516,0,0,0,0,8.25266,-257.752,-518.909
516,1,0,0,0,9.19276,-256.265,-507.832
516,2,0,0,0,9.19429,-253.762,-495.717
516,3,0,0,0,9.82027,-251.259,-481.866
516,4,0,0,0,10.6811,-248.599,-465.247
517,0,0,0,0,10.6041,-245.704,-456.245
517,1,0,0,0,10.6819,-242.418,-442.743
517,2,0,0,0,10.6811,-238.272,-431.662
517,3,0,0,0,10.6811,-233.578,-417.467
517,4,0,0,0,9.90115,-228.493,-400.502
518,0,0,0,0,10.0559,-223.643,-389.77
518,1,0,0,0,9.58705,-218.479,-374.191
518,2,0,0,0,9.2737,-212.769,-362.072
518,3,0,0,0,9.11741,-206.666,-349.263
518,4,0,0,0,8.647,-200.329,-334.032
519,0,0,0,0,8.1781,-194.227,-321.219
519,1,0,0,0,7.94405,-187.421,-304.255
519,2,0,0,0,7.16331,-180.067,-291.101
519,3,0,0,0,6.77143,-173.26,-278.292
519,4,0,0,0,6.3033,-166.219,-268.941
520,0,0,0,0,5.99147,-159.335,-257.519
520,1,0,0,0,5.36627,-152.215,-244.018
520,2,0,0,0,5.28776,-145.017,-235.016
520,3,0,0,0,4.66561,-137.037,-222.55
520,4,0,0,0,4.43232,-128.431,-216.317
521,0,0,0,0,4.20055,-120.139,-207.664
521,1,0,0,0,4.66948,-112.158,-196.93
521,2,0,0,0,4.2044,-103.474,-190.7
521,3,0,0,0,3.8941,-94.5556,-181.352
521,4,0,0,0,3.50374,-84.6199,-175.811
522,0,0,0,0,2.72303,-69.0517,-171.66
522,1,0,0,0,2.95787,-66.2355,-165.081
522,2,0,0,0,2.56292,-71.4774,-160.927
522,3,0,0,0,2.25107,-71.6339,-154.002
522,4,0,0,0,2.17255,-68.5046,-150.538
523,0,0,0,0,2.01548,-67.4875,-147.073
523,1,0,0,0,2.48364,-65.3753,-141.189
523,2,0,0,0,2.72,-62.6372,-140.499
523,3,0,0,0,2.17181,-59.3517,-136.691
523,4,0,0,0,2.40513,-56.6918,-133.569
524,0,0,0,0,2.87481,-54.0319,-132.88
524,1,0,0,0,2.71852,-51.4502,-122.843
524,2,0,0,0,3.18667,-49.0251,-122.496
524,3,0,0,0,2.95184,-46.6,-117.301
524,4,0,0,0,3.10663,-44.0185,-114.532
525,0,0,0,0,3.18517,-42.2191,-113.145
525,1,0,0,0,3.3392,-40.498,-107.26
525,2,0,0,0,3.02659,-39.0901,-102.762
525,3,0,0,0,2.63546,-37.369,-97.9126
525,4,0,0,0,2.71171,-35.8044,-93.0641
526,0,0,0,0,2.24129,-34.6309,-95.1433
526,1,0,0,0,1.77238,-33.0664,-87.8753
526,2,0,0,0,1.84863,-31.2672,-85.4513
526,3,0,0,0,1.84636,-30.3285,-83.3729
526,4,0,0,0,1.76859,-28.8421,-79.2157
527,0,0,0,0,1.76783,-27.3558,-76.7945
527,1,0,0,0,1.76403,-26.2605,-74.7177
527,2,0,0,0,1.21583,-25.1653,-68.8317
527,3,0,0,0,1.91882,-23.6008,-68.4865
527,4,0,0,0,1.761,-21.0974,-65.0217
528,0,0,0,0,1.21053,-16.1687,-60.5205
528,1,0,0,0,1.60395,-17.5773,-58.7928
528,2,0,0,0,2.22688,-17.8122,-56.7148
528,3,0,0,0,2.14835,-16.1694,-52.2113
528,4,0,0,0,1.20977,-15.1522,-45.9785
529,0,0,0,0,1.44385,-13.5097,-42.8668
529,1,0,0,0,1.28527,-12.4143,-41.8241
529,2,0,0,0,0.813321,-11.7103,-40.0968
529,3,0,0,0,0.73479,-11.4758,-37.3284
529,4,0,0,0,0.889574,-10.9282,-36.636
530,0,0,0,0,0.810283,-10.2241,-32.8217
530,1,0,0,0,0.810284,-9.98951,-30.402
530,2,0,0,0,1.04588,-9.2854,-29.0188
530,3,0,0,0,1.35849,-8.03388,-26.5948
530,4,0,0,0,1.27616,-7.40812,-25.9012
531,0,0,0,0,0,0,0
531,1,0,0,0,0,0,0
531,2,0,0,0,0,0,0
531,3,0,0,0,0,0,0
531,4,0,0,0,0,0,0
532,0,0,0,0,0,0,0
532,1,0,0,0,0,0,0
532,2,0,0,0,0,0,0
532,3,0,0,0,0,0,0
532,4,0,0,0,0,0,0
533,0,0,0,0,0,0,0
533,1,0,0,0,0,0,0
533,2,0,0,0,0,0,0
533,3,0,0,0,0,0,0
533,4,0,0,0,0,0,0
534,0,0,0,0,0,0,0
534,1,0,0,0,0,0,0
534,2,0,0,0,0,0,0
534,3,0,0,0,0,0,0
534,4,0,0,0,0,0,0
535,0,0,0,0,0,0,0
535,1,0,0,0,0,0,0
535,2,0,0,0,0,0,0
535,3,0,0,0,0,0,0
535,4,0,0,0,0,0,0
536,0,0,0,0,0,0,0
536,1,0,0,0,0,0,0
536,2,0,0,0,0,0,0
536,3,0,0,0,0,0,0
536,4,0,0,0,0,0,0
537,0,0,0,0,0,0,0
537,1,0,0,0,0,0,0
537,2,0,0,0,0,0,0
537,3,0,0,0,0,0,0
537,4,0,0,0,0,0,0
538,0,0,0,0,0,0,0
538,1,0,0,0,0,0,0
538,2,0,0,0,0,0,0
538,3,0,0,0,0,0,0
538,4,0,0,0,0,0,0
539,0,0,0,0,0,0,0
539,1,0,0,0,0,0,0
539,2,0,0,0,0,0,0
539,3,0,0,0,0,0,0
539,4,0,0,0,0,0,0
540,0,0,0,0,0,0,0
540,1,0,0,0,0,0,0
540,2,0,0,0,0,0,0
540,3,0,0,0,0,0,0
540,4,0,0,0,0,0,0
541,0,0,0,0,0,0,0
541,1,0,0,0,0,0,0
541,2,0,0,0,0,0,0
541,3,0,0,0,0,0,0
541,4,0,0,0,0,0,0
542,0,0,0,0,0,0,0
542,1,0,0,0,0,0,0
542,2,0,0,0,0,0,0
542,3,0,0,0,0,0,0
542,4,0,0,0,0,0,0
543,0,0,0,0,0,0,0
543,1,0,0,0,0,0,0
543,2,0,0,0,0,0,0
543,3,0,0,0,0,0,0
543,4,0,0,0,0,0,0
544,0,0,0,0,0,0,0
544,1,0,0,0,0,0,0
544,2,0,0,0,0,0,0
544,3,0,0,0,0,0,0
544,4,0,0,0,0,0,0
545,0,0,0,0,0,0,0
545,1,0,0,0,0,0,0
545,2,0,0,0,0,0,0
545,3,0,0,0,0,0,0
545,4,0,0,0,0,0,0
546,0,0,0,0,0,0,0
546,1,0,0,0,0,0,0
546,2,0,0,0,0,0,0
546,3,0,0,0,0,0,0
546,4,0,0,0,0,0,0
547,0,0,0,0,0,0,0
547,1,0,0,0,0,0,0
547,2,0,0,0,0,0,0
547,3,0,0,0,0,0,0
547,4,0,0,0,0,0,0
548,0,0,0,0,0,0,0
548,1,0,0,0,0,0,0
548,2,0,0,0,0,0,0
548,3,0,0,0,0,0,0
548,4,0,0,0,0,0,0
549,0,0,0,0,0,0,0
549,1,0,0,0,0,0,0
549,2,0,0,0,0,0,0
549,3,0,0,0,0,0,0
549,4,0,0,0,0,0,0
550,0,0,0,0,0,0,0
550,1,0,0,0,0,0,0
550,2,0,0,0,0,0,0
550,3,0,0,0,0,0,0
550,4,0,0,0,0,0,0
551,0,0,0,0,0,0,0
551,1,0,0,0,0,0,0
551,2,0,0,0,0,0,0
551,3,0,0,0,0,0,0
551,4,0,0,0,0,0,0
552,0,0,0,0,0,0,0
552,1,0,0,0,0,0,0
552,2,0,0,0,0,0,0
552,3,0,0,0,0,0,0
552,4,0,0,0,0,0,0
553,0,0,0,0,0,0,0
553,1,0,0,0,0,0,0
553,2,0,0,0,0,0,0
553,3,0,0,0,0,0,0
553,4,0,0,0,0,0,0
554,0,0,0,0,0,0,0
554,1,0,0,0,0,0,0
554,2,0,0,0,0,0,0
554,3,0,0,0,0,0,0
554,4,0,0,0,0,0,0
555,0,0,0,0,0,0,0
555,1,0,0,0,0,0,0
555,2,0,0,0,0,0,0
555,3,0,0,0,0,0,0
555,4,0,0,0,0,0,0
556,0,0,0,0,0,0,0
556,1,0,0,0,0,0,0
556,2,0,0,0,0,0,0
556,3,0,0,0,0,0,0
556,4,0,0,0,0,0,0
557,0,0,0,0,0,0,0
557,1,0,0,0,0,0,0
557,2,0,0,0,0,0,0
557,3,0,0,0,0,0,0
557,4,0,0,0,0,0,0
558,0,0,0,0,0,0,0
558,1,0,0,0,0,0,0
558,2,0,0,0,0,0,0
558,3,0,0,0,0,0,0
558,4,0,0,0,0,0,0
559,0,0,0,0,0,0,0
559,1,0,0,0,0,0,0
559,2,0,0,0,0,0,0
559,3,0,0,0,0,0,0
559,4,0,0,0,0,0,0
560,0,0,0,0,0,0,0
560,1,0,0,0,0,0,0
560,2,0,0,0,0,0,0
560,3,0,0,0,0,0,0
560,4,0,0,0,0,0,0
561,0,0,0,0,0,0,0
561,1,0,0,0,0,0,0
561,2,0,0,0,0,0,0
561,3,0,0,0,0,0,0
561,4,0,0,0,0,0,0
562,0,0,0,0,0,0,0
562,1,0,0,0,0,0,0
562,2,0,0,0,0,0,0
562,3,0,0,0,0,0,0
562,4,0,0,0,0,0,0
563,0,0,0,0,0,0,0
563,1,0,0,0,0,0,0
563,2,0,0,0,0,0,0
563,3,0,0,0,0,0,0
563,4,0,0,0,0,0,0
564,0,0,0,0,0,0,0
564,1,0,0,0,0,0,0
564,2,0,0,0,0,0,0
564,3,0,0,0,0,0,0
564,4,0,0,0,0,0,0
565,0,0,0,0,0,0,0
565,1,0,0,0,0,0,0
565,2,0,0,0,0,0,0
565,3,0,0,0,0,0,0
565,4,0,0,0,0,0,0
566,0,0,0,0,0,0,0
566,1,0,0,0,0,0,0
566,2,0,0,0,0,0,0
566,3,0,0,0,0,0,0
566,4,0,0,0,0,0,0
567,0,0,0,0,0,0,0
567,1,0,0,0,0,0,0
567,2,0,0,0,0,0,0
567,3,0,0,0,0,0,0
567,4,0,0,0,0,0,0
568,0,0,0,0,0,0,0
568,1,0,0,0,0,0,0
568,2,0,0,0,0,0,0
568,3,0,0,0,0,0,0
568,4,0,0,0,0,0,0
569,0,0,0,0,0,0,0
569,1,0,0,0,0,0,0
569,2,0,0,0,0,0,0
569,3,0,0,0,0,0,0
569,4,0,0,0,0,0,0
570,0,0,0,0,0,0,0
570,1,0,0,0,0,0,0
570,2,0,0,0,0,0,0
570,3,0,0,0,0,0,0
570,4,0,0,0,0,0,0
571,0,0,0,0,0,0,0
571,1,0,0,0,0,0,0
571,2,0,0,0,0,0,0
571,3,0,0,0,0,0,0
571,4,0,0,0,0,0,0
572,0,0,0,0,0,0,0
572,1,0,0,0,0,0,0
572,2,0,0,0,0,0,0
572,3,0,0,0,0,0,0
572,4,0,0,0,0,0,0
573,0,0,0,0,0,0,0
573,1,0,0,0,0,0,0
573,2,0,0,0,0,0,0
573,3,0,0,0,0,0,0
573,4,0,0,0,0,0,0
574,0,0,0,0,0,0,0
574,1,0,0,0,0,0,0
574,2,0,0,0,0,0,0
574,3,0,0,0,0,0,0
574,4,0,0,0,0,0,0
575,0,0,0,0,0,0,0
575,1,0,0,0,0,0,0
575,2,0,0,0,0,0,0
575,3,0,0,0,0,0,0
575,4,0,0,0,0,0,0
576,0,0,0,0,0,0,0
576,1,0,0,0,0,0,0
576,2,0,0,0,0,0,0
576,3,0,0,0,0,0,0
576,4,0,0,0,0,0,0
577,0,0,0,0,0,0,0
577,1,0,0,0,0,0,0
577,2,0,0,0,0,0,0
577,3,0,0,0,0,0,0
577,4,0,0,0,0,0,0
578,0,0,0,0,0,0,0
578,1,0,0,0,0,0,0
578,2,0,0,0,0,0,0
578,3,0,0,0,0,0,0
578,4,0,0,0,0,0,0
579,0,0,0,0,0,0,0
579,1,0,0,0,0,0,0
579,2,0,0,0,0,0,0
579,3,0,0,0,0,0,0
579,4,0,0,0,0,0,0
