Frame, SubFrame, Fx1(N), Fy1(N), Fz1(N), Fx2(N), Fy2(N), Fz2(N)
130,0,0,0,0,0,0,0
130,1,0,0,0,0,0,0
130,2,0,0,0,0,0,0
130,3,0,0,0,0,0,0
130,4,0,0,0,0,0,0
131,0,0,0,0,0,0,0
131,1,0,0,0,0,0,0
131,2,0,0,0,0,0,0
131,3,0,0,0,0,0,0
131,4,0,0,0,0,0,0
132,0,0,0,0,0,0,0
132,1,0,0,0,0,0,0
132,2,0,0,0,0,0,0
132,3,0,0,0,0,0,0
132,4,0,0,0,0,0,0
133,0,0,0,0,0,0,0
133,1,0,0,0,0,0,0
133,2,0,0,0,0,0,0
133,3,0,0,0,0,0,0
133,4,0,0,0,0,0,0
134,0,0,0,0,0,0,0
134,1,0,0,0,0,0,0
134,2,0,0,0,0,0,0
134,3,0,0,0,0,0,0
134,4,0,0,0,0,0,0
135,0,0,0,0,0,0,0
135,1,0,0,0,0,0,0
135,2,0,0,0,0,0,0
135,3,0,0,0,0,0,0
135,4,0,0,0,0,0,0
136,0,0,0,0,0,0,0
136,1,0,0,0,0,0,0
136,2,0,0,0,0,0,0
136,3,0,0,0,0,0,0
136,4,0,0,0,0,0,0
137,0,0,0,0,0,0,0
137,1,0,0,0,0,0,0
137,2,0,0,0,0,0,0
137,3,0,0,0,0,0,0
137,4,0,0,0,0,0,0
138,0,0,0,0,0,0,0
138,1,0,0,0,0,0,0
138,2,0,0,0,0,0,0
138,3,0,0,0,0,0,0
138,4,0,0,0,0,0,0
139,0,0,0,0,0,0,0
139,1,0,0,0,0,0,0
139,2,0,0,0,0,0,0
139,3,0,0,0,0,0,0
139,4,0,0,0,0,0,0
140,0,0,0,0,0,0,0
140,1,0,0,0,0,0,0
140,2,0,0,0,0,0,0
140,3,0,0,0,0,0,0
140,4,0,0,0,0,0,0
141,0,0,0,0,0,0,0
141,1,0,0,0,0,0,0
141,2,0,0,0,0,0,0
141,3,0,0,0,0,0,0
141,4,0,0,0,0,0,0
142,0,0,0,0,0,0,0
142,1,0,0,0,0,0,0
142,2,0,0,0,0,0,0
142,3,0,0,0,0,0,0
142,4,0,0,0,0,0,0
143,0,0,0,0,0,0,0
143,1,0,0,0,0,0,0
143,2,0,0,0,0,0,0
143,3,0,0,0,0,0,0
143,4,0,0,0,0,0,0
144,0,0,0,0,0,0,0
144,1,0,0,0,0,0,0
144,2,0,0,0,0,0,0
144,3,0,0,0,0,0,0
144,4,0,0,0,0,0,0
145,0,0,0,0,0,0,0
145,1,0,0,0,0,0,0
145,2,0,0,0,0,0,0
145,3,0,0,0,0,0,0
145,4,0,0,0,0,0,0
146,0,0,0,0,0,0,0
146,1,0,0,0,0,0,0
146,2,0,0,0,0,0,0
146,3,0,0,0,0,0,0
146,4,0,0,0,0,0,0
147,0,0,0,0,0,0,0
147,1,0,0,0,0,0,0
147,2,0,0,0,0,0,0
147,3,0,0,0,0,0,0
147,4,0,0,0,0,0,0
148,0,0,0,0,0,0,0
148,1,0,0,0,0,0,0
148,2,0,0,0,0,0,0
148,3,0,0,0,0,0,0
148,4,0,0,0,0,0,0
149,0,0,0,0,0,0,0
149,1,0,0,0,0,0,0
149,2,0,0,0,0,0,0
149,3,0,0,0,0,0,0
149,4,0,0,0,0,0,0
150,0,0,0,0,0,0,0
150,1,0,0,0,0,0,0
150,2,0,0,0,0,0,0
150,3,0,0,0,0,0,0
150,4,0,0,0,0,0,0
151,0,0,0,0,0,0,0
151,1,0,0,0,0,0,0
151,2,0,0,0,0,0,0
151,3,0,0,0,0,0,0
151,4,0,0,0,0,0,0
152,0,0,0,0,0,0,0
152,1,0,0,0,0,0,0
152,2,0,0,0,0,0,0
152,3,0,0,0,0,0,0
152,4,0,0,0,0,0,0
153,0,0,0,0,0,0,0
153,1,0,0,0,0,0,0
153,2,0,0,0,0,0,0
153,3,0,0,0,0,0,0
153,4,0,0,0,0,0,0
154,0,0,0,0,0,0,0
154,1,0,0,0,0,0,0
154,2,0,0,0,0,0,0
154,3,0,0,0,0,0,0
154,4,0,0,0,0,0,0
155,0,0,0,0,0,0,0
155,1,0,0,0,0,0,0
155,2,0,0,0,0,0,0
155,3,0,0,0,0,0,0
155,4,0,0,0,0,0,0
156,0,0,0,0,0,0,0
156,1,0,0,0,0,0,0
156,2,0,0,0,0,0,0
156,3,0,0,0,0,0,0
156,4,0,0,0,0,0,0
157,0,0,0,0,0,0,0
157,1,0,0,0,0,0,0
157,2,0,0,0,0,0,0
157,3,0,0,0,0,0,0
157,4,0,0,0,0,0,0
158,0,0,0,0,0,0,0
158,1,0,0,0,0,0,0
158,2,0,0,0,0,0,0
158,3,0,0,0,0,0,0
158,4,0,0,0,0,0,0
159,0,0,0,0,0,0,0
159,1,0,0,0,0,0,0
159,2,0,0,0,0,0,0
159,3,0,0,0,0,0,0
159,4,0,0,0,0,0,0
160,0,0,0,0,0,0,0
160,1,0,0,0,0,0,0
160,2,0,0,0,0,0,0
160,3,0,0,0,0,0,0
160,4,0,0,0,0,0,0
161,0,0,0,0,0,0,0
161,1,0,0,0,0,0,0
161,2,0,0,0,0,0,0
161,3,0,0,0,0,0,0
161,4,0,0,0,0,0,0
162,0,0,0,0,0,0,0
162,1,0,0,0,0,0,0
162,2,0,0,0,0,0,0
162,3,0,0,0,0,0,0
162,4,0,0,0,0,0,0
163,0,0,0,0,0,0,0
163,1,0,0,0,0,0,0
163,2,0,0,0,0,0,0
163,3,0,0,0,0,0,0
163,4,0,0,0,0,0,0
164,0,0,0,0,0,0,0
164,1,0,0,0,0,0,0
164,2,0,0,0,0,0,0
164,3,0,0,0,0,0,0
164,4,0,0,0,0,0,0
165,0,0,0,0,0,0,0
165,1,0,0,0,0,0,0
165,2,0,0,0,0,0,0
165,3,0,0,0,0,0,0
165,4,0,0,0,0,0,0
166,0,0,0,0,0,0,0
166,1,0,0,0,0,0,0
166,2,0,0,0,0,0,0
166,3,0,0,0,0,0,0
166,4,0,0,0,0,0,0
167,0,0,0,0,0,0,0
167,1,0,0,0,0,0,0
167,2,0,0,0,0,0,0
167,3,0,0,0,0,0,0
167,4,0,0,0,0,0,0
168,0,0,0,0,0,0,0
168,1,0,0,0,0,0,0
168,2,0,0,0,0,0,0
168,3,0,0,0,0,0,0
168,4,0,0,0,0,0,0
169,0,0,0,0,0,0,0
169,1,0,0,0,0,0,0
169,2,0,0,0,0,0,0
169,3,0,0,0,0,0,0
169,4,0,0,0,0,0,0
170,0,0,0,0,0,0,0
170,1,0,0,0,0,0,0
170,2,0,0,0,0,0,0
170,3,0,0,0,0,0,0
170,4,1.7529,0.15114,-30.954,0,0,0
171,0,1.8261,0.62052,-44.784,0,0,0
171,1,2.3705,1.1684,-70.734,0,0,0
171,2,2.449,2.0289,-102.55,0,0,0
171,3,2.2904,4.6887,-155.8,0,0,0
171,4,1.0377,6.3314,-232.57,0,0,0
172,0,0.34235,5.9397,-318.69,0,0,0
172,1,-5.3434,3.0436,-393.08,0,0,0
172,2,-15.324,3.1985,-424.22,0,0,0
172,3,-22.025,4.2927,-412.45,0,0,0
172,4,-24.044,4.9963,-386.84,0,0,0
173,0,-27.317,6.4823,-372.3,0,0,0
173,1,-30.441,9.22,-376.82,0,0,0
173,2,-30.989,11.724,-384.45,0,0,0
173,3,-31.924,15.557,-373.03,0,0,0
173,4,-32.238,19.547,-353.31,0,0,0
174,0,-31.928,23.068,-335.32,0,0,0
174,1,-30.295,27.215,-331.51,0,0,0
174,2,-29.907,30.814,-341.89,0,0,0
174,3,-29.597,34.491,-345.71,0,0,0
174,4,-29.991,39.107,-341.56,0,0,0
175,0,-30.854,44.192,-337.05,0,0,0
175,1,-30.932,49.904,-338.43,0,0,0
175,2,-31.248,56.163,-348.12,0,0,0
175,3,-31.877,63.282,-363.01,0,0,0
175,4,-32.428,70.089,-376.16,0,0,0
176,0,-32.118,77.834,-374.77,0,0,0
176,1,-31.968,85.815,-368.88,0,0,0
176,2,-30.802,93.795,-374.75,0,0,0
176,3,-29.481,101.62,-376.5,0,0,0
176,4,-28.082,109.99,-384.79,0,0,0
177,0,-26.918,117.97,-392.08,0,0,0
177,1,-24.977,125.09,-391.71,0,0,0
177,2,-22.169,131.98,-386.88,0,0,0
177,3,-19.68,138,-384.78,0,0,0
177,4,-18.28,141.45,-390.33,0,0,0
178,0,-16.177,144.18,-400.02,0,0,0
178,1,-15.245,145.98,-402.79,0,0,0
178,2,-14.385,145.83,-395.86,0,0,0
178,3,-13.29,142.93,-390.32,0,0,0
178,4,-13.68,139.49,-389.63,0,0,0
179,0,-14.457,134.95,-396.2,0,0,0
179,1,-15.939,129.48,-404.51,0,0,0
179,2,-16.64,124.31,-407.96,0,0,0
179,3,-16.79,120.24,-406.57,0,0,0
179,4,-17.416,115.16,-407.26,0,0,0
180,0,-17.959,111.01,-418.67,0,0,0
180,1,-18.037,107.65,-433.54,0,0,0
180,2,-18.119,105.38,-454.65,0,0,0
180,3,-15.391,103.42,-460.17,0,0,0
180,4,-12.193,103.66,-468.81,0,0,0
181,0,-8.376,104.29,-474.33,0,0,0
181,1,-3.5442,105.54,-491.63,0,0,0
181,2,1.5971,108.51,-502.71,0,0,0
181,3,6.5798,112.11,-512.73,0,0,0
181,4,10.628,116.57,-516.53,0,0,0
182,0,14.519,121.19,-516.18,0,0,0
182,1,17.863,126.43,-519.63,0,0,0
182,2,20.351,131.28,-526.56,0,0,0
182,3,22.605,135.66,-533.13,0,0,0
182,4,24.475,140.43,-532.78,0,0,0
183,0,24.315,144.42,-534.86,0,0,0
183,1,25.33,147.47,-535.9,0,0,0
183,2,25.721,150.21,-537.62,0,0,0
183,3,25.563,152.09,-536.58,0,0,0
183,4,25.955,154.36,-544.2,0,0,0
184,0,26.113,156.39,-540.04,0,0,0
184,1,25.955,158.43,-545.24,0,0,0
184,2,26.188,159.68,-544.19,0,0,0
184,3,27.439,161.4,-544.89,0,0,0
184,4,27.75,162.18,-545.59,0,0,0
185,0,28.453,163.04,-546.28,0,0,0
185,1,28.842,164.53,-549.05,0,0,0
185,2,30.327,165.39,-549.04,0,0,0
185,3,31.185,166.33,-549.04,0,0,0
185,4,32.276,166.25,-553.2,0,0,0
186,0,33.289,166.57,-558.38,0,0,0
186,1,34.459,167.27,-567.03,0,0,0
186,2,34.613,167.82,-573.26,0,0,0
186,3,36.095,167.9,-575.68,0,0,0
186,4,36.561,168.21,-578.8,0,0,0
187,0,36.639,168.52,-588.48,0,0,0
187,1,36.793,168.37,-594.03,0,0,0
187,2,36.321,168.76,-600.24,0,0,0
187,3,36.088,168.68,-604.05,0,0,0
187,4,35.072,168.68,-610.26,0,0,0
188,0,34.447,167.74,-612.35,0,0,0
188,1,33.118,168.76,-622.03,0,0,0
188,2,32.961,168.6,-631.02,0,0,0
188,3,31.633,168.99,-635.18,0,0,0
188,4,31.242,168.99,-637.6,0,0,0
189,0,29.991,169.38,-643.83,0,0,0
189,1,29.601,169.15,-648.67,0,0,0
189,2,28.742,169.77,-654.9,0,0,0
189,3,28.117,170.16,-654.9,0,0,0
189,4,27.729,170.4,-658.36,0,0,0
190,0,27.103,170.87,-660.09,0,0,0
190,1,25.856,171.5,-664.59,0,0,0
190,2,25.075,172.28,-670.47,0,0,0
190,3,24.451,172.2,-671.51,0,0,0
190,4,24.215,173.06,-673.24,0,0,0
191,0,23.594,173.29,-677.4,0,0,0
191,1,23.203,173.37,-682.58,0,0,0
191,2,23.594,173.61,-682.93,0,0,0
191,3,23.668,174.47,-686.05,0,0,0
191,4,23.904,174.47,-688.45,0,0,0
192,0,24.219,174.78,-687.77,0,0,0
192,1,24.061,175.25,-693.65,0,0,0
192,2,24.215,175.33,-699.88,0,0,0
192,3,24.84,175.25,-700.91,0,0,0
192,4,25.308,174.94,-703.68,0,0,0
193,0,25.072,174.7,-707.15,0,0,0
193,1,25.54,174.39,-713.02,0,0,0
193,2,26.008,174.23,-715.1,0,0,0
193,3,26.006,173.53,-715.79,0,0,0
193,4,26.32,172.82,-719.94,0,0,0
194,0,26.708,171.65,-719.95,0,0,0
194,1,26.554,171.5,-722.01,0,0,0
194,2,26.554,170.09,-724.45,0,0,0
194,3,26.943,168.76,-726.85,0,0,0
194,4,26.866,168.05,-726.52,0,0,0
195,0,26.554,167.04,-730.66,0,0,0
195,1,26.633,166.02,-729.97,0,0,0
195,2,26.631,165.47,-732.4,0,0,0
195,3,26.709,164.53,-732.4,0,0,0
195,4,26.634,163.12,-733.78,0,0,0
196,0,27.101,162.19,-731.36,0,0,0
196,1,26.477,160.93,-735.16,0,0,0
196,2,26.948,160.15,-736.55,0,0,0
196,3,27.027,158.82,-736.21,0,0,0
196,4,27.185,158.27,-734.47,0,0,0
197,0,26.483,157.02,-738.62,0,0,0
197,1,26.327,156.24,-741.73,0,0,0
197,2,26.64,155.38,-743.82,0,0,0
197,3,26.484,154.75,-742.43,0,0,0
197,4,26.565,153.58,-746.24,0,0,0
198,0,26.879,152.64,-741.74,0,0,0
198,1,26.566,151.86,-745.89,0,0,0
198,2,26.332,150.92,-744.86,0,0,0
198,3,26.646,149.9,-744.51,0,0,0
198,4,26.414,148.96,-742.44,0,0,0
199,0,25.866,147.87,-743.13,0,0,0
199,1,25.556,147.16,-745.89,0,0,0
199,2,25.323,146.46,-746.24,0,0,0
199,3,25.009,145.68,-746.94,0,0,0
199,4,25.089,144.9,-745.55,0,0,0
200,0,25.012,144.35,-745.55,0,0,0
200,1,24.39,143.88,-749.01,0,0,0
200,2,24.467,142.94,-747.28,0,0,0
200,3,24.156,142.39,-743.13,0,0,0
200,4,24.469,141.92,-742.44,0,0,0
201,0,23.611,140.67,-740.01,0,0,0
201,1,24.162,140.51,-740.37,0,0,0
201,2,23.613,139.89,-739.32,0,0,0
201,3,23.459,139.97,-740.36,0,0,0
201,4,23.615,138.56,-736.9,0,0,0
202,0,23.852,138.72,-736.21,0,0,0
202,1,22.836,138.25,-737.61,0,0,0
202,2,22.916,137.78,-737.6,0,0,0
202,3,22.993,136.84,-733.45,0,0,0
202,4,22.603,136.6,-729.64,0,0,0
203,0,22.684,135.51,-729.99,0,0,0
203,1,22.764,135.04,-729.99,0,0,0
203,2,22.53,134.88,-729.3,0,0,0
203,3,22.295,133.94,-730.69,0,0,0
203,4,22.14,133.16,-727.56,0,0,0
204,0,22.533,132.22,-728.26,0,0,0
204,1,21.75,131.2,-728.62,0,0,0
204,2,21.909,130.19,-731.03,0,0,0
204,3,22.457,129.25,-726.55,0,0,0
204,4,22.301,128,-725.84,0,0,0
205,0,22.536,126.9,-720.67,0,0,0
205,1,22.694,125.65,-723.42,0,0,0
205,2,22.929,124.71,-718.93,0,0,0
205,3,22.696,123.46,-717.2,0,0,0
205,4,23.4,121.89,-713.39,0,0,0
206,0,23.402,121.27,-711.65,0,0,0
206,1,23.011,120.25,-713.39,0,0,0
206,2,23.713,119.16,-714.09,0,0,0
206,3,24.105,118.53,-710.28,0,0,0
206,4,24.262,117.75,-706.48,0,0,0
207,0,24.653,116.5,-704.4,0,0,0
207,1,24.73,115.56,-701.97,0,0,0
207,2,24.967,114.46,-699.55,0,0,0
207,3,25.358,113.6,-697.83,0,0,0
207,4,25.982,111.8,-691.95,0,0,0
208,0,26.218,111.41,-690.22,0,0,0
208,1,26.296,110.71,-691.26,0,0,0
208,2,26.688,109.92,-689.52,0,0,0
208,3,26.842,108.91,-686.07,0,0,0
208,4,27,108.2,-685.38,0,0,0
209,0,27.235,106.72,-680.54,0,0,0
209,1,27.548,106.17,-678.79,0,0,0
209,2,27.703,105.23,-675.34,0,0,0
209,3,27.862,103.98,-672.23,0,0,0
209,4,28.642,102.88,-665.65,0,0,0
210,0,28.565,102.02,-664.28,0,0,0
210,1,28.565,101.24,-662.89,0,0,0
210,2,29.036,100.3,-661.85,0,0,0
210,3,29.193,99.596,-658.39,0,0,0
210,4,29.348,98.579,-655.63,0,0,0
211,0,29.582,97.328,-652.52,0,0,0
211,1,29.818,96.467,-652.16,0,0,0
211,2,30.053,95.763,-651.15,0,0,0
211,3,30.676,94.433,-646.64,0,0,0
211,4,31.148,93.337,-640.76,0,0,0
212,0,31.069,92.398,-637.98,0,0,0
212,1,31.226,91.382,-637.31,0,0,0
212,2,31.696,90.443,-631.76,0,0,0
212,3,32.087,89.582,-629,0,0,0
212,4,32.4,88.722,-624.15,0,0,0
213,0,32.556,87.548,-623.81,0,0,0
213,1,32.947,86.531,-621.04,0,0,0
213,2,33.258,85.905,-617.58,0,0,0
213,3,33.337,85.201,-614.13,0,0,0
213,4,34.199,83.871,-608.59,0,0,0
214,0,34.434,83.245,-602.01,0,0,0
214,1,34.357,82.306,-600.28,0,0,0
214,2,34.512,81.446,-599.25,0,0,0
214,3,34.904,80.741,-592.67,0,0,0
214,4,34.593,80.037,-591.3,0,0,0
215,0,35.298,78.942,-587.13,0,0,0
215,1,34.749,78.394,-587.84,0,0,0
215,2,34.986,77.768,-582.99,0,0,0
215,3,34.752,76.751,-583.69,0,0,0
215,4,35.379,76.282,-575.04,0,0,0
216,0,35.145,75.421,-572.62,0,0,0
216,1,35.224,74.873,-568.47,0,0,0
216,2,34.989,73.935,-570.2,0,0,0
216,3,35.149,73.152,-566.05,0,0,0
216,4,34.915,72.213,-560.86,0,0,0
217,0,34.37,71.744,-558.44,0,0,0
217,1,34.294,70.727,-558.09,0,0,0
217,2,34.139,70.648,-555.67,0,0,0
217,3,33.748,69.944,-554.29,0,0,0
217,4,33.671,69.787,-549.1,0,0,0
218,0,33.907,68.692,-548.07,0,0,0
218,1,33.362,68.536,-544.61,0,0,0
218,2,33.204,67.519,-543.22,0,0,0
218,3,33.287,66.736,-540.81,0,0,0
218,4,33.132,66.267,-535.26,0,0,0
219,0,32.586,66.188,-536.66,0,0,0
219,1,32.118,65.171,-530.77,0,0,0
219,2,31.808,65.328,-533.2,0,0,0
219,3,31.573,64.936,-532.86,0,0,0
219,4,30.871,63.841,-529.74,0,0,0
220,0,30.951,63.293,-526.63,0,0,0
220,1,30.638,63.215,-524.9,0,0,0
220,2,30.407,62.98,-524.55,0,0,0
220,3,29.782,62.511,-521.1,0,0,0
220,4,29.862,61.65,-514.52,0,0,0
221,0,29.552,61.337,-514.17,0,0,0
221,1,29.007,60.555,-512.44,0,0,0
221,2,28.382,60.163,-513.49,0,0,0
221,3,27.839,60.398,-509,0,0,0
221,4,27.449,59.537,-508.99,0,0,0
222,0,27.215,58.833,-507.61,0,0,0
222,1,26.513,58.442,-508.3,0,0,0
222,2,26.124,58.129,-508.67,0,0,0
222,3,25.578,57.424,-504.5,0,0,0
222,4,25.502,56.642,-503.12,0,0,0
223,0,24.799,56.094,-498.26,0,0,0
223,1,24.725,55.625,-499.31,0,0,0
223,2,24.179,55.546,-496.2,0,0,0
223,3,23.789,55.312,-496.2,0,0,0
223,4,23.243,54.92,-493.77,0,0,0
224,0,23.795,54.764,-493.78,0,0,0
224,1,22.699,54.842,-491.7,0,0,0
224,2,22.154,54.372,-495.51,0,0,0
224,3,21.921,53.825,-492.74,0,0,0
224,4,22.157,53.12,-489.63,0,0,0
225,0,21.063,52.729,-487.56,0,0,0
225,1,21.145,51.634,-487.9,0,0,0
225,2,21.068,51.556,-488.59,0,0,0
225,3,20.366,51.086,-488.25,0,0,0
225,4,20.054,50.46,-485.48,0,0,0
226,0,20.055,49.756,-481.67,0,0,0
226,1,19.59,49.286,-482.37,0,0,0
226,2,19.043,49.286,-485.14,0,0,0
226,3,19.199,48.582,-485.82,0,0,0
226,4,19.358,48.191,-480.29,0,0,0
227,0,18.733,47.878,-480.64,0,0,0
227,1,18.344,47.33,-477.88,0,0,0
227,2,18.5,46.86,-476.83,0,0,0
227,3,18.581,46.782,-477.18,0,0,0
227,4,18.112,45.843,-473.73,0,0,0
228,0,18.193,45.217,-471.3,0,0,0
228,1,17.647,44.826,-470.96,0,0,0
228,2,17.179,44.904,-474.07,0,0,0
228,3,17.57,44.513,-476.84,0,0,0
228,4,17.259,43.809,-475.12,0,0,0
229,0,17.102,43.73,-472.68,0,0,0
229,1,16.95,43.105,-471.31,0,0,0
229,2,17.103,42.87,-469.92,0,0,0
229,3,16.714,42.713,-471.31,0,0,0
229,4,17.183,42.244,-467.16,0,0,0
230,0,17.187,41.618,-465.42,0,0,0
230,1,16.561,41.931,-465.43,0,0,0
230,2,16.794,41.462,-469.24,0,0,0
230,3,16.559,41.305,-467.84,0,0,0
230,4,16.561,41.227,-466.81,0,0,0
231,0,16.561,40.836,-465.08,0,0,0
231,1,16.642,40.21,-467.5,0,0,0
231,2,16.719,40.288,-466.47,0,0,0
231,3,16.797,40.053,-466.47,0,0,0
231,4,16.796,39.271,-465.78,0,0,0
232,0,17.58,38.958,-458.85,0,0,0
232,1,17.191,38.567,-462.65,0,0,0
232,2,16.956,38.41,-460.23,0,0,0
232,3,17.267,37.863,-462.67,0,0,0
232,4,17.425,37.784,-458.15,0,0,0
233,0,17.738,37.08,-464.74,0,0,0
233,1,17.27,36.767,-460.24,0,0,0
233,2,17.74,36.689,-466.46,0,0,0
233,3,17.349,36.767,-464.06,0,0,0
233,4,18.128,35.906,-463.7,0,0,0
234,0,17.972,35.515,-459.55,0,0,0
234,1,18.288,35.359,-459.9,0,0,0
234,2,18.211,34.889,-464.05,0,0,0
234,3,18.445,34.342,-461.96,0,0,0
234,4,18.368,34.185,-460.25,0,0,0
235,0,18.757,33.872,-461.63,0,0,0
235,1,19.229,32.855,-460.24,0,0,0
235,2,18.757,33.168,-463.01,0,0,0
235,3,18.68,33.403,-466.82,0,0,0
235,4,19.306,32.307,-463.35,0,0,0
236,0,19.698,32.385,-462.66,0,0,0
236,1,19.226,31.682,-461.97,0,0,0
236,2,19.698,31.447,-463.7,0,0,0
236,3,19.934,31.055,-463.35,0,0,0
236,4,19.855,30.899,-464.39,0,0,0
237,0,19.777,30.038,-464.39,0,0,0
237,1,20.013,29.726,-462.65,0,0,0
237,2,19.542,29.882,-467.16,0,0,0
237,3,19.855,30.117,-469.24,0,0,0
237,4,20.167,29.413,-470.27,0,0,0
238,0,20.09,29.334,-466.47,0,0,0
238,1,20.246,28.63,-469.93,0,0,0
238,2,20.09,28.474,-470.27,0,0,0
238,3,20.481,28.239,-469.93,0,0,0
238,4,20.561,28.004,-468.89,0,0,0
239,0,20.795,27.222,-470.98,0,0,0
239,1,20.404,26.518,-471.66,0,0,0
239,2,20.327,26.518,-476.5,0,0,0
239,3,19.936,26.205,-477.2,0,0,0
239,4,20.954,25.892,-477.54,0,0,0
240,0,20.875,25.579,-476.16,0,0,0
240,1,21.189,25.109,-480.66,0,0,0
240,2,20.799,24.64,-481,0,0,0
240,3,21.346,24.484,-481.35,0,0,0
240,4,21.032,24.327,-480.31,0,0,0
241,0,21.347,23.779,-479.26,0,0,0
241,1,21.426,23.153,-478.58,0,0,0
241,2,21.348,22.841,-484.45,0,0,0
241,3,21.272,22.606,-482.73,0,0,0
241,4,21.506,21.902,-485.49,0,0,0
242,0,21.742,21.745,-486.19,0,0,0
242,1,21.506,21.198,-488.95,0,0,0
242,2,21.743,21.119,-489.3,0,0,0
242,3,21.507,20.806,-494.83,0,0,0
242,4,21.508,20.18,-493.11,0,0,0
243,0,22.133,19.476,-492.07,0,0,0
243,1,22.135,19.241,-489.99,0,0,0
243,2,21.902,18.85,-493.45,0,0,0
243,3,21.511,18.302,-498.28,0,0,0
243,4,22.217,18.068,-495.18,0,0,0
244,0,21.668,17.52,-496.21,0,0,0
244,1,21.748,17.442,-499.67,0,0,0
244,2,21.279,16.738,-503.83,0,0,0
244,3,21.671,16.738,-505.21,0,0,0
244,4,21.203,16.268,-506.94,0,0,0
245,0,21.594,15.642,-505.56,0,0,0
245,1,21.984,15.095,-507.64,0,0,0
245,2,21.359,15.251,-507.29,0,0,0
245,3,21.439,14.39,-511.44,0,0,0
245,4,22.065,13.921,-508.32,0,0,0
246,0,21.44,13.53,-513.85,0,0,0
246,1,21.289,12.982,-512.82,0,0,0
246,2,21.443,12.278,-514.9,0,0,0
246,3,21.443,12.591,-515.94,0,0,0
246,4,21.366,12.121,-519.74,0,0,0
247,0,21.524,11.261,-517.66,0,0,0
247,1,21.68,10.478,-519.05,0,0,0
247,2,21.212,10.478,-523.2,0,0,0
247,3,21.522,9.383,-524.59,0,0,0
247,4,21.37,9.2263,-521.47,0,0,0
248,0,21.605,8.6005,-521.82,0,0,0
248,1,21.684,7.3488,-524.24,0,0,0
248,2,21.607,6.8794,-525.62,0,0,0
248,3,21.294,7.0357,-527.35,0,0,0
248,4,21.841,6.488,-531.51,0,0,0
249,0,22.156,5.6274,-529.08,0,0,0
249,1,21.844,5.2362,-531.16,0,0,0
249,2,21.611,4.6102,-531.49,0,0,0
249,3,21.922,4.0625,-538.08,0,0,0
249,4,22.313,3.28,-531.16,0,0,0
250,0,22.158,2.7325,-536.69,0,0,0
250,1,22.238,1.95,-530.8,0,0,0
250,2,22.237,1.5591,-540.5,0,0,0
250,3,22.161,1.2457,-538.76,0,0,0
250,4,21.769,0.30714,-542.57,0,0,0
251,0,22.476,-0.31886,-543.61,0,0,0
251,1,22.241,-0.63186,-546.72,0,0,0
251,2,21.774,-1.0231,-549.5,0,0,0
251,3,22.008,-1.7272,-551.91,0,0,0
251,4,22.245,-1.9622,-548.79,0,0,0
252,0,22.245,-2.5099,-551.57,0,0,0
252,1,22.245,-3.1355,-554.34,0,0,0
252,2,22.245,-3.6051,-552.26,0,0,0
252,3,22.249,-3.6834,-558.49,0,0,0
252,4,22.014,-4.857,-560.91,0,0,0
253,0,22.094,-5.2483,-560.57,0,0,0
253,1,22.485,-6.0304,-559.17,0,0,0
253,2,22.174,-6.2652,-566.79,0,0,0
253,3,22.252,-7.0477,-565.4,0,0,0
253,4,22.409,-6.813,-568.52,0,0,0
254,0,22.332,-8.0648,-565.75,0,0,0
254,1,23.038,-8.9255,-567.83,0,0,0
254,2,22.489,-9.2386,-573.37,0,0,0
254,3,22.569,-9.8645,-573.02,0,0,0
254,4,22.884,-10.803,-571.98,0,0,0
255,0,23.043,-11.429,-574.05,0,0,0
255,1,21.95,-12.368,-576.13,0,0,0
255,2,22.341,-12.994,-580.28,0,0,0
255,3,22.733,-13.229,-580.98,0,0,0
255,4,22.655,-13.855,-583.4,0,0,0
256,0,22.733,-15.028,-584.43,0,0,0
256,1,23.126,-15.576,-585.82,0,0,0
256,2,22.579,-16.358,-591.01,0,0,0
256,3,22.58,-17.141,-592.39,0,0,0
256,4,23.519,-18.314,-593.09,0,0,0
257,0,23.286,-18.549,-591.35,0,0,0
257,1,23.523,-19.879,-593.09,0,0,0
257,2,22.82,-20.427,-597.23,0,0,0
257,3,23.446,-21.131,-597.92,0,0,0
257,4,23.37,-21.522,-601.39,0,0,0
258,0,23.761,-22.539,-599.65,0,0,0
258,1,23.84,-23.166,-603.46,0,0,0
258,2,23.606,-23.87,-605.54,0,0,0
258,3,23.219,-24.652,-612.11,0,0,0
258,4,23.998,-25.513,-606.92,0,0,0
259,0,23.999,-26.139,-609,0,0,0
259,1,24.312,-26.686,-611.07,0,0,0
259,2,24.159,-27.938,-614.53,0,0,0
259,3,24.629,-28.251,-615.22,0,0,0
259,4,24.473,-28.955,-619.37,0,0,0
260,0,24.865,-29.972,-618.33,0,0,0
260,1,25.258,-31.146,-623.87,0,0,0
260,2,25.022,-31.224,-621.45,0,0,0
260,3,24.789,-32.085,-629.4,0,0,0
260,4,25.338,-32.946,-627.33,0,0,0
261,0,25.65,-33.728,-626.63,0,0,0
261,1,25.417,-34.432,-629.75,0,0,0
261,2,25.653,-35.136,-631.12,0,0,0
261,3,26.281,-35.997,-632.52,0,0,0
261,4,25.969,-36.388,-633.91,0,0,0
262,0,26.126,-37.17,-634.59,0,0,0
262,1,26.128,-38.5,-636.32,0,0,0
262,2,26.128,-38.735,-638.39,0,0,0
262,3,25.893,-39.048,-641.16,0,0,0
262,4,26.364,-40.065,-645.32,0,0,0
263,0,26.599,-40.535,-644.27,0,0,0
263,1,26.599,-41.395,-647.4,0,0,0
263,2,26.523,-42.256,-650.85,0,0,0
263,3,26.914,-42.647,-651.55,0,0,0
263,4,27.304,-43.508,-650.51,0,0,0
264,0,27.307,-44.368,-650.16,0,0,0
264,1,27.543,-45.229,-653.27,0,0,0
264,2,27.154,-45.542,-655.69,0,0,0
264,3,26.995,-46.324,-659.15,0,0,0
264,4,27.231,-46.872,-662.97,0,0,0
265,0,27.544,-47.263,-661.23,0,0,0
265,1,27.546,-47.889,-662.96,0,0,0
265,2,27.546,-48.828,-668.15,0,0,0
265,3,27.859,-49.297,-668.15,0,0,0
265,4,27.546,-50.08,-666.76,0,0,0
266,0,28.096,-50.706,-668.84,0,0,0
266,1,27.939,-51.566,-669.18,0,0,0
266,2,28.019,-52.036,-672.3,0,0,0
266,3,27.552,-52.505,-676.11,0,0,0
266,4,27.63,-53.053,-675.06,0,0,0
267,0,28.489,-53.913,-680.61,0,0,0
267,1,28.021,-54.148,-676.81,0,0,0
267,2,28.098,-54.852,-682.68,0,0,0
267,3,28.179,-55.322,-682.68,0,0,0
267,4,28.411,-55.948,-684.41,0,0,0
268,0,28.258,-56.496,-681.3,0,0,0
268,1,28.57,-57.591,-687.53,0,0,0
268,2,28.492,-58.373,-688.22,0,0,0
268,3,28.572,-58.608,-687.53,0,0,0
268,4,28.337,-59.39,-690.3,0,0,0
269,0,28.729,-60.407,-687.17,0,0,0
269,1,28.886,-60.72,-692.72,0,0,0
269,2,28.493,-61.268,-693.41,0,0,0
269,3,28.65,-61.972,-696.88,0,0,0
269,4,28.964,-62.363,-696.18,0,0,0
270,0,28.964,-63.302,-697.9,0,0,0
270,1,28.965,-64.163,-696.87,0,0,0
270,2,28.808,-65.18,-698.6,0,0,0
270,3,29.356,-65.493,-699.63,0,0,0
270,4,29.748,-66.51,-701.72,0,0,0
271,0,29.591,-67.214,-698.6,0,0,0
271,1,29.669,-68.231,-702.75,0,0,0
271,2,29.045,-68.544,-704.13,0,0,0
271,3,29.358,-69.717,-709.33,0,0,0
271,4,29.748,-70.656,-709.69,0,0,0
272,0,29.905,-71.439,-706.92,0,0,0
272,1,29.594,-72.221,-707.95,0,0,0
272,2,29.904,-73.317,-707.6,0,0,0
272,3,29.748,-73.473,-708.64,0,0,0
272,4,29.983,-74.568,-708.29,0,0,0
273,0,30.375,-75.82,-706.91,0,0,0
273,1,30.14,-76.446,-705.86,0,0,0
273,2,30.141,-77.541,-708.64,0,0,0
273,3,30.064,-78.246,-711.76,0,0,0
273,4,30.768,-79.419,-712.46,0,0,0
274,0,30.217,-79.967,-711.41,0,0,0
274,1,30.609,-81.375,-713.49,0,0,0
274,2,30.298,-82.079,-712.8,0,0,0
274,3,30.377,-82.705,-716.61,0,0,0
274,4,30.061,-83.801,-714.87,0,0,0
275,0,30.767,-85.522,-711.76,0,0,0
275,1,30.613,-86.304,-709.69,0,0,0
275,2,30.846,-87.087,-707.26,0,0,0
275,3,30.926,-87.947,-711.42,0,0,0
275,4,30.692,-88.73,-709,0,0,0
276,0,30.847,-89.825,-708.99,0,0,0
276,1,30.457,-90.842,-707.61,0,0,0
276,2,30.534,-91.859,-707.95,0,0,0
276,3,30.458,-92.407,-709,0,0,0
276,4,30.382,-93.659,-707.97,0,0,0
277,0,30.692,-94.832,-705.88,0,0,0
277,1,30.458,-95.849,-705.53,0,0,0
277,2,30.069,-96.397,-705.89,0,0,0
277,3,30.224,-97.649,-707.95,0,0,0
277,4,30.148,-98.431,-706.58,0,0,0
278,0,30.303,-99.057,-704.49,0,0,0
278,1,29.68,-100.54,-705.88,0,0,0
278,2,29.838,-101.4,-707.95,0,0,0
278,3,29.603,-101.56,-706.93,0,0,0
278,4,29.524,-102.73,-704.85,0,0,0
279,0,29.528,-103.67,-705.89,0,0,0
279,1,29.37,-104.22,-702.78,0,0,0
279,2,28.432,-105.16,-705.89,0,0,0
279,3,28.59,-105.86,-701.74,0,0,0
279,4,28.823,-106.88,-702.78,0,0,0
280,0,28.513,-106.88,-699.31,0,0,0
280,1,28.358,-108.06,-699.32,0,0,0
280,2,27.966,-108.76,-701.04,0,0,0
280,3,27.575,-108.99,-703.47,0,0,0
280,4,27.186,-109.31,-706.59,0,0,0
281,0,26.951,-110.64,-702.79,0,0,0
281,1,26.951,-111.34,-700.71,0,0,0
281,2,26.406,-112.12,-701.4,0,0,0
281,3,26.015,-112.36,-705.21,0,0,0
281,4,26.014,-113.61,-698.29,0,0,0
282,0,26.327,-114.08,-700.02,0,0,0
282,1,25.391,-114.78,-699.68,0,0,0
282,2,25.08,-115.57,-697.94,0,0,0
282,3,24.376,-115.88,-697.25,0,0,0
282,4,23.986,-116.35,-696.56,0,0,0
283,0,24.221,-117.21,-695.52,0,0,0
283,1,23.91,-117.83,-694.14,0,0,0
283,2,23.283,-118.07,-694.15,0,0,0
283,3,22.816,-118.85,-695.19,0,0,0
283,4,22.66,-119.48,-691.38,0,0,0
284,0,22.346,-119.95,-688.26,0,0,0
284,1,21.722,-120.89,-683.06,0,0,0
284,2,21.568,-121.75,-688.27,0,0,0
284,3,21.569,-122.37,-683.08,0,0,0
284,4,20.864,-122.84,-685.51,0,0,0
285,0,20.633,-123.7,-678.92,0,0,0
285,1,20.554,-124.41,-681.35,0,0,0
285,2,19.617,-124.8,-678.59,0,0,0
285,3,19.223,-125.5,-682.4,0,0,0
285,4,19.07,-126.44,-679.28,0,0,0
286,0,18.758,-126.52,-671.68,0,0,0
286,1,18.446,-127.46,-670.98,0,0,0
286,2,17.978,-128.08,-668.55,0,0,0
286,3,18.214,-128.79,-666.49,0,0,0
286,4,17.744,-129.1,-663.38,0,0,0
287,0,17.2,-129.88,-659.91,0,0,0
287,1,16.731,-130.74,-656.8,0,0,0
287,2,16.811,-131.21,-654.72,0,0,0
287,3,15.56,-131.45,-655.77,0,0,0
287,4,16.108,-132.39,-656.8,0,0,0
288,0,15.873,-133.09,-650.23,0,0,0
288,1,15.719,-133.32,-646.08,0,0,0
288,2,15.249,-134.42,-643.32,0,0,0
288,3,15.094,-135.05,-641.58,1.6146,-1.8501,-26.599
288,4,14.86,-135.28,-635.36,0,0,0
289,0,14.704,-136.14,-634.66,1.5361,-2.5544,-30.409
289,1,14.472,-137.24,-632.96,1.6909,-2.5543,-34.91
289,2,14.316,-137.24,-622.56,2.3138,-3.1804,-42.18
289,3,13.769,-137.39,-625.68,2.5464,-2.9459,-51.182
289,4,13.145,-138.1,-623.95,2.9352,-2.9461,-67.802
290,0,13.691,-138.57,-615.64,3.8693,-3.0248,-86.151
290,1,13.382,-138.72,-612.53,4.6462,-3.1819,-111.77
290,2,13.383,-139.9,-609.76,4.9535,-2.4785,-146.74
290,3,13.149,-140.13,-606.65,5.6527,-2.0885,-189.68
290,4,12.525,-140.37,-601.82,6.1125,-1.5421,-236.42
291,0,12.45,-141.07,-596.62,6.7278,-2.1692,-282.47
291,1,12.372,-141.93,-595.93,7.8158,-3.3434,-313.97
291,2,11.667,-142.71,-591.43,9.1418,-4.1258,-322.63
291,3,11.903,-142.63,-590.75,10.312,-4.2039,-321.24
291,4,11.357,-142.95,-587.63,11.173,-4.2038,-312.24
292,0,12.06,-143.49,-583.13,12.188,-3.734,-309.82
292,1,11.432,-143.88,-578.98,12.658,-2.2474,-309.12
292,2,11.045,-144.51,-578.99,13.284,-0.056842,-310.51
292,3,10.575,-145.06,-573.79,14.067,1.2734,-299.08
292,4,10.339,-144.9,-565.49,14.382,2.8383,-286.62
293,0,10.34,-145.29,-563.76,14.382,4.9505,-279.35
293,1,10.497,-146.23,-557.87,14.852,6.6718,-277.96
293,2,9.6374,-146.31,-550.61,14.699,8.7843,-277.27
293,3,9.4819,-146,-550.62,14.699,10.662,-279.35
293,4,9.1693,-146.7,-548.2,14.934,12.696,-278.31
294,0,9.093,-146.94,-540.24,15.638,14.574,-273.12
294,1,9.0938,-146.86,-537.82,15.796,16.764,-275.54
294,2,8.3092,-147.17,-534.7,16.656,19.424,-281.42
294,3,8.31,-147.25,-528.13,16.889,21.771,-286.62
294,4,7.8418,-147.17,-526.4,17.436,24.822,-290.43
295,0,7.9188,-147.56,-519.82,17.672,27.56,-292.16
295,1,7.9204,-147.64,-513.6,18.376,30.454,-292.85
295,2,7.4514,-148.11,-507.36,19.159,33.271,-294.58
295,3,7.1403,-147.72,-502.18,19.705,37.261,-298.04
295,4,7.0603,-148.5,-498.37,19.082,40.077,-303.58
296,0,6.7492,-148.26,-492.85,18.381,44.458,-306.36
296,1,6.4351,-148.03,-481.07,18.069,47.587,-306.7
296,2,5.8914,-148.11,-482.81,17.292,51.263,-307.39
296,3,5.1869,-148.03,-479.36,15.889,53.923,-309.47
296,4,5.0299,-147.48,-472.78,14.796,57.834,-313.28
297,0,4.4024,-147.4,-467.59,13.626,61.277,-316.05
297,1,4.2484,-147.48,-460.32,11.833,64.249,-318.83
297,2,4.3246,-147.25,-453.75,10.429,66.987,-320.56
297,3,3.4638,-146.39,-448.22,8.8704,70.038,-324.37
297,4,3.4638,-146.62,-444.06,6.9185,72.698,-327.14
298,0,3.6216,-146.07,-433.68,5.0482,74.653,-334.07
298,1,2.7608,-145.84,-429.88,2.7075,76.844,-337.18
298,2,2.2157,-145.45,-423.31,0.20965,78.643,-346.18
298,3,2.2919,-144.74,-419.15,-2.2904,80.677,-353.46
298,4,1.8238,-143.8,-412.93,-4.9423,81.85,-356.57
299,0,1.6659,-142.94,-407.05,-7.7535,82.71,-362.12
299,1,1.5081,-142.08,-400.82,-11.111,84.118,-372.85
299,2,1.7422,-141.38,-392.52,-13.922,84.979,-376.32
299,3,0.80513,-140.67,-389.06,-17.201,85.526,-384.28
299,4,0.33318,-140.13,-381.1,-21.029,86.074,-387.05
300,0,0.64731,-139.34,-371.07,-23.997,85.839,-392.94
300,1,0.41095,-138.41,-362.41,-27.2,85.448,-400.55
300,2,-0.75942,-137.47,-356.19,-30.87,85.683,-408.17
300,3,-0.918,-136.53,-349.28,-33.917,86.074,-422.02
300,4,-1.3107,-135.04,-343.39,-35.716,86.465,-428.6
301,0,-1.1521,-133.71,-331.63,-37.042,86.544,-442.79
301,1,-1.544,-132.07,-325.75,-38.526,89.125,-449.72
301,2,-1.7803,-130.5,-318.13,-38.839,90.456,-455.6
301,3,-1.8596,-128.62,-308.79,-37.354,91.238,-454.57
301,4,-2.0182,-126.67,-305.34,-36.105,93.272,-468.76
302,0,-1.9427,-125.34,-290.12,-34.385,96.557,-478.11
302,1,-1.8664,-122.68,-281.81,-31.885,99.139,-486.76
302,2,-2.5694,-120.8,-273.85,-29.934,101.02,-485.38
302,3,-2.9613,-118.92,-267.62,-27.669,103.21,-486.41
302,4,-3.0398,-116.97,-257.26,-24.701,105.47,-486.41
303,0,-3.28,-114.07,-250.33,-22.201,107.82,-486.75
303,1,-3.4325,-111.96,-238.91,-20.172,109.93,-490.56
303,2,-3.7496,-109.3,-230.95,-18.454,111.97,-495.06
303,3,-4.3779,-106.64,-224.03,-16.972,113.92,-494.71
303,4,-4.4564,-103.74,-216.77,-15.413,115.25,-496.45
304,0,-3.9905,-101.01,-207.44,-14.32,115.8,-498.87
304,1,-3.9921,-98.345,-194.98,-12.835,117.13,-504.06
304,2,-4.5425,-95.372,-185.63,-12.604,117.6,-507.87
304,3,-4.7781,-92.243,-180.45,-11.668,117.83,-512.02
304,4,-4.2337,-89.426,-170.41,-11.277,117.44,-518.94
305,0,-4.3153,-85.749,-160.38,-10.183,117.13,-523.79
305,1,-4.5531,-82.541,-156.23,-9.7136,116.82,-530.37
305,2,-4.3983,-79.647,-147.58,-8.8536,115.88,-534.87
305,3,-4.1696,-75.891,-141.7,-8.2276,115.17,-544.56
305,4,-4.4044,-72.371,-134.79,-7.8342,114.78,-550.45
306,0,-4.2527,-68.928,-127.52,-6.6638,114.08,-558.06
306,1,-3.9431,-65.877,-117.49,-6.5845,113.61,-561.87
306,2,-3.9484,-62.278,-111.26,-6.3497,113.53,-567.41
306,3,-4.3433,-58.367,-105.38,-6.5838,113.69,-573.64
306,4,-3.9575,-55.081,-98.803,-7.2105,113.37,-578.49
307,0,-3.6464,-51.717,-91.187,-7.5216,113.45,-584.37
307,1,-3.8858,-48.978,-87.73,-8.5372,114,-590.26
307,2,-4.1214,-46.084,-82.542,-10.334,114.08,-594.76
307,3,-4.2045,-42.955,-79.078,-11.194,114.63,-596.15
307,4,-4.3631,-39.825,-76.318,-13.378,115.17,-600.3
308,0,-4.2891,-37.556,-72.166,-14.706,116.03,-608.27
308,1,-4.2143,-34.584,-67.316,-16.268,116.82,-615.54
308,2,-4.9211,-31.846,-65.245,-17.829,117.6,-618.31
308,3,-5.0805,-28.951,-64.911,-19.077,118.38,-624.54
308,4,-4.9287,-26.213,-63.17,-20.326,118.69,-629.38
309,0,-4.3835,-24.022,-54.867,-21.105,119.08,-633.54
309,1,-4.7754,-21.284,-54.17,-22.043,119.56,-637.35
309,2,-4.78,-19.093,-54.52,-23.056,119.87,-644.97
309,3,-5.0141,-16.825,-52.096,-23.993,119.95,-646.7
309,4,-4.7053,-14.243,-53.139,-24.226,119.63,-650.16
310,0,-4.7861,-11.662,-52.096,-25.083,120.1,-653.28
310,1,-4.5543,-9.471,-48.295,-25.629,119.87,-658.13
310,2,-4.0099,-7.3585,-47.941,-25.862,119.87,-659.51
310,3,-4.5581,-6.2634,-49.673,-26.171,119.95,-661.24
310,4,-3.9359,-4.7767,-50.367,-26.797,120.1,-666.09
311,0,-1.7545,-0.082622,-46.563,-26.794,120.02,-666.44
311,1,-1.9062,-0.082862,-42.753,-26.714,120.34,-669.2
311,2,-3.1597,-3.0555,-43.101,-27.417,120.89,-673.7
311,3,-2.8448,-1.9605,-42.405,-28.198,120.89,-675.78
311,4,-2.2989,-1.2564,-38.945,-28.118,121.28,-675.44
312,0,-3.1574,-2.4298,-38.946,-28.43,121.59,-679.25
312,1,-3.1582,-3.4469,-38.946,-28.896,121.9,-681.32
312,2,-2.5307,-2.7428,-36.515,-29.128,121.9,-684.78
312,3,-3.1582,-2.6645,-37.218,-29.833,122.45,-687.21
312,4,-3.4708,-3.5252,-33.747,-30.145,122.68,-689.98
313,0,-2.4544,-3.1341,-32.03,-30.848,122.92,-692.05
313,1,-2.6908,-3.2124,-30.287,-31.55,123.47,-693.78
313,2,-2.7678,-3.134,-27.185,-31.94,123.78,-696.9
313,3,-2.3774,-3.5252,-25.794,-32.095,123.55,-699.67
313,4,-1.907,-3.0558,-25.102,-33.109,123.62,-703.14
314,0,0,0,0,-33.109,123.86,-705.21
314,1,0,0,0,-33.111,123.78,-709.02
314,2,0,0,0,-33.576,123.55,-709.71
314,3,0,0,0,-33.89,123.55,-713.87
314,4,0,0,0,-33.968,123.39,-716.98
315,0,0,0,0,-34.124,123.31,-719.75
315,1,0,0,0,-33.89,123.08,-720.45
315,2,0,0,0,-33.81,122.76,-723.91
315,3,0,0,0,-33.264,122.14,-727.02
315,4,0,0,0,-33.107,122.06,-730.48
316,0,0,0,0,-32.716,121.67,-733.25
316,1,0,0,0,-32.481,121.51,-737.06
316,2,0,0,0,-31.936,121.51,-736.71
316,3,0,0,0,-31.389,121.2,-739.13
316,4,0,0,0,-30.999,121.43,-737.4
317,0,0,0,0,-30.842,121.67,-743.63
317,1,0,0,0,-30.453,121.75,-744.33
317,2,0,0,0,-29.905,121.67,-744.33
317,3,0,0,0,-29.514,121.98,-747.79
317,4,0,0,0,-29.438,121.75,-750.21
318,0,0,0,0,-28.97,122.06,-749.87
318,1,0,0,0,-28.578,121.59,-752.29
318,2,0,0,0,-28.344,122.22,-755.75
318,3,0,0,0,-28.501,121.59,-757.49
318,4,0,0,0,-27.875,121.2,-756.44
319,0,0,0,0,-27.799,121.12,-757.83
319,1,0,0,0,-27.486,120.73,-760.6
319,2,0,0,0,-27.173,120.03,-760.25
319,3,0,0,0,-27.176,119.48,-761.63
319,4,0,0,0,-26.942,118.85,-763.36
320,0,0,0,0,-26.863,118.07,-765.1
320,1,0,0,0,-26.865,117.21,-762.32
320,2,0,0,0,-26.318,116.51,-763.02
320,3,0,0,0,-26.083,115.96,-763.71
320,4,0,0,0,-26.319,114.79,-766.13
321,0,0,0,0,-25.928,114.16,-765.79
321,1,0,0,0,-26.163,113.3,-766.48
321,2,0,0,0,-26.163,112.6,-767.51
321,3,0,0,0,-25.775,111.73,-768.2
321,4,0,0,0,-25.696,111.03,-766.13
322,0,0,0,0,-25.54,110.01,-769.25
322,1,0,0,0,-25.62,109.86,-771.33
322,2,0,0,0,-24.761,108.53,-770.98
322,3,0,0,0,-24.916,108.29,-770.63
322,4,0,0,0,-24.996,106.96,-772.36
323,0,0,0,0,-25.074,106.18,-773.74
323,1,0,0,0,-24.919,105.01,-772.01
323,2,0,0,0,-25.231,104.22,-772.71
323,3,0,0,0,-24.92,103.29,-771.32
323,4,0,0,0,-25.075,102.66,-770.63
324,0,0,0,0,-25.233,101.56,-768.9
324,1,0,0,0,-25.779,100.39,-771.33
324,2,0,0,0,-25.625,99.765,-768.9
324,3,0,0,0,-25.936,98.826,-768.21
324,4,0,0,0,-25.937,98.435,-767.17
325,0,0,0,0,-26.64,97.262,-769.94
325,1,0,0,0,-26.561,96.48,-767.17
325,2,0,0,0,-27.032,95.619,-766.13
325,3,0,0,0,-27.186,94.837,-764.05
325,4,0,0,0,-27.186,93.742,-766.13
326,0,0,0,0,-27.577,93.429,-762.67
326,1,0,0,0,-28.201,92.412,-762.67
326,2,0,0,0,-28.28,91.629,-760.25
326,3,0,0,0,-28.672,90.926,-758.51
326,4,0,0,0,-28.906,90.456,-756.44
327,0,0,0,0,-29.062,89.361,-755.05
327,1,0,0,0,-29.687,88.891,-752.97
327,2,0,0,0,-30,88.344,-752.63
327,3,0,0,0,-30.311,87.405,-749.86
327,4,0,0,0,-30.782,86.31,-747.44
328,0,0,0,0,-31.093,85.919,-745.7
328,1,0,0,0,-32.032,85.215,-743.63
328,2,0,0,0,-32.345,84.354,-743.98
328,3,0,0,0,-32.188,83.494,-739.13
328,4,0,0,0,-32.499,82.946,-738.78
329,0,0,0,0,-33.281,81.929,-736.36
329,1,0,0,0,-33.517,81.147,-736.01
329,2,0,0,0,-33.672,80.13,-732.2
329,3,0,0,0,-34.298,79.583,-728.74
329,4,0,0,0,-34.768,78.957,-726.66
330,0,0,0,0,-34.688,77.783,-724.93
330,1,0,0,0,-34.844,77.392,-720.78
330,2,0,0,0,-35.238,76.375,-720.09
330,3,0,0,0,-35.315,75.671,-716.63
330,4,0,0,0,-35.238,74.811,-713.16
331,0,0,0,0,-35.861,74.342,-710.74
331,1,0,0,0,-36.019,73.246,-709.7
331,2,0,0,0,-36.098,72.542,-704.51
331,3,0,0,0,-36.019,71.525,-702.43
331,4,0,0,0,-36.176,71.369,-701.39
332,0,0,0,0,-35.943,69.648,-698.97
332,1,0,0,0,-36.176,69.413,-694.12
332,2,0,0,0,-36.178,69.022,-691.7
332,3,0,0,0,-36.334,68.084,-693.09
332,4,0,0,0,-35.786,67.458,-687.2
333,0,0,0,0,-35.944,66.754,-685.12
333,1,0,0,0,-35.631,66.206,-683.04
333,2,0,0,0,-35.711,65.502,-682.35
333,3,0,0,0,-35.557,65.189,-677.15
333,4,0,0,0,-35.164,64.642,-674.73
334,0,0,0,0,-34.538,64.094,-670.92
334,1,0,0,0,-34.697,63.077,-669.19
334,2,0,0,0,-34.306,63.077,-664
334,3,0,0,0,-34.385,62.217,-661.92
334,4,0,0,0,-34.151,61.747,-660.19
335,0,0,0,0,-33.684,61.278,-658.46
335,1,0,0,0,-33.136,60.809,-654.65
335,2,0,0,0,-32.98,59.948,-653.96
335,3,0,0,0,-32.903,59.635,-650.49
335,4,0,0,0,-32.122,59.166,-646.68
336,0,0,0,0,-31.809,58.775,-645.99
336,1,0,0,0,-31.574,58.306,-643.91
336,2,0,0,0,-31.028,57.68,-642.88
336,3,0,0,0,-30.717,56.976,-638.03
336,4,0,0,0,-30.638,56.35,-638.38
337,0,0,0,0,-29.702,55.803,-635.6
337,1,0,0,0,-29.545,55.333,-632.49
337,2,0,0,0,-29.078,54.785,-630.06
337,3,0,0,0,-28.843,54.316,-630.41
337,4,0,0,0,-28.375,54.16,-623.83
338,0,0,0,0,-27.985,53.064,-624.18
338,1,0,0,0,-27.672,52.595,-620.37
338,2,0,0,0,-27.438,51.891,-618.29
338,3,0,0,0,-26.971,51.422,-616.21
338,4,0,0,0,-26.58,50.796,-615.86
339,0,0,0,0,-25.877,50.014,-612.75
339,1,0,0,0,-25.408,49.466,-608.6
339,2,0,0,0,-25.332,49.153,-607.9
339,3,0,0,0,-24.785,48.449,-606.17
339,4,0,0,0,-24.316,47.589,-604.09
340,0,0,0,0,-23.848,46.963,-603.4
340,1,0,0,0,-23.693,46.572,-601.67
340,2,0,0,0,-23.225,46.024,-598.55
340,3,0,0,0,-22.834,45.085,-595.78
340,4,0,0,0,-22.522,45.007,-594.74
341,0,0,0,0,-21.976,44.068,-592.32
341,1,0,0,0,-21.43,43.286,-589.89
341,2,0,0,0,-21.429,42.895,-589.2
341,3,0,0,0,-20.962,42.504,-587.82
341,4,0,0,0,-20.728,41.408,-585.74
342,0,0,0,0,-20.025,41.017,-582.62
342,1,0,0,0,-19.633,40.626,-582.62
342,2,0,0,0,-19.712,40.391,-578.47
342,3,0,0,0,-18.855,39.453,-577.09
342,4,0,0,0,-19.011,38.827,-575.01
343,0,0,0,0,-18.542,38.358,-575.7
343,1,0,0,0,-18.154,37.81,-574.66
343,2,0,0,0,-17.451,37.106,-571.54
343,3,0,0,0,-17.528,36.715,-571.2
343,4,0,0,0,-17.294,36.167,-568.77
344,0,0,0,0,-16.905,35.463,-566.7
344,1,0,0,0,-16.593,34.837,-564.62
344,2,0,0,0,-16.513,34.211,-566.35
344,3,0,0,0,-16.123,33.898,-564.62
344,4,0,0,0,-16.283,33.273,-562.2
345,0,0,0,0,-15.969,32.49,-560.12
345,1,0,0,0,-15.654,32.256,-560.12
345,2,0,0,0,-15.033,31.239,-557.35
345,3,0,0,0,-15.345,31.082,-555.96
345,4,0,0,0,-14.876,30.535,-553.88
346,0,0,0,0,-14.643,29.596,-553.89
346,1,0,0,0,-14.408,29.283,-549.04
346,2,0,0,0,-14.486,28.735,-552.16
346,3,0,0,0,-14.175,28.11,-550.77
346,4,0,0,0,-13.784,27.406,-548
347,0,0,0,0,-13.943,27.014,-547.3
347,1,0,0,0,-13.942,26.467,-544.88
347,2,0,0,0,-13.785,25.997,-545.57
347,3,0,0,0,-13.474,25.372,-543.84
347,4,0,0,0,-13.553,25.293,-544.88
348,0,0,0,0,-13.32,24.042,-541.76
348,1,0,0,0,-13.71,24.042,-541.77
348,2,0,0,0,-13.632,23.494,-539.34
348,3,0,0,0,-13.242,23.025,-539.68
348,4,0,0,0,-13.477,22.555,-535.53
349,0,0,0,0,-13.32,22.242,-536.92
349,1,0,0,0,-13.4,21.773,-534.49
349,2,0,0,0,-13.165,21.225,-536.23
349,3,0,0,0,-13.478,20.991,-532.42
349,4,0,0,0,-13.4,20.756,-532.07
350,0,0,0,0,-13.322,20.443,-531.03
350,1,0,0,0,-13.243,19.583,-532.41
350,2,0,0,0,-13.165,19.583,-529.65
350,3,0,0,0,-13.245,19.192,-529.99
350,4,0,0,0,-13.48,18.644,-529.3
351,0,0,0,0,-13.635,18.488,-525.84
351,1,0,0,0,-13.716,18.331,-526.88
351,2,0,0,0,-13.871,17.94,-526.18
351,3,0,0,0,-13.714,17.784,-524.11
351,4,0,0,0,-13.95,17.392,-522.37
352,0,0,0,0,-14.419,17.158,-525.49
352,1,0,0,0,-14.184,16.845,-523.76
352,2,0,0,0,-14.653,15.984,-522.03
352,3,0,0,0,-16.138,15.436,-521.68
352,4,0,0,0,-15.435,15.28,-523.76
353,0,0,0,0,-15.201,14.889,-517.53
353,1,0,0,0,-15.593,14.576,-518.57
353,2,0,0,0,-15.123,14.263,-519.26
353,3,0,0,0,-14.732,13.794,-520.64
353,4,0,0,0,-15.046,13.872,-515.45
354,0,0,0,0,-14.968,13.324,-518.56
354,1,0,0,0,-14.89,13.168,-516.84
354,2,0,0,0,-14.812,12.62,-514.06
354,3,0,0,0,-14.813,12.62,-515.79
354,4,0,0,0,-14.812,12.699,-515.1
355,0,0,0,0,-14.892,12.464,-514.07
355,1,0,0,0,-14.815,12.151,-512.68
355,2,0,0,0,-14.971,11.838,-514.41
355,3,0,0,0,-14.812,11.525,-511.98
355,4,0,0,0,-15.283,11.29,-511.29
356,0,0,0,0,-15.207,11.134,-511.99
356,1,0,0,0,-15.207,10.039,-512.68
356,2,0,0,0,-15.205,10.273,-509.21
356,3,0,0,0,-15.207,10.195,-510.94
356,4,0,0,0,-15.364,9.3346,-507.83
357,0,0,0,0,-15.599,8.9437,-510.94
357,1,0,0,0,-15.364,8.8653,-509.9
357,2,0,0,0,-15.13,7.9266,-510.6
357,3,0,0,0,-15.443,7.4571,-507.48
357,4,0,0,0,-15.6,7.1444,-510.6
358,0,0,0,0,-15.522,7.066,-507.48
358,1,0,0,0,-15.68,6.2056,-508.17
358,2,0,0,0,-16.07,5.7361,-507.13
358,3,0,0,0,-15.679,5.5014,-505.06
358,4,0,0,0,-16.149,5.1886,-506.45
359,0,0,0,0,-16.15,4.7974,-506.79
359,1,0,0,0,-16.308,4.641,-506.44
359,2,0,0,0,-16.151,4.328,-507.82
359,3,0,0,0,-16.464,4.0933,-507.48
359,4,0,0,0,-16.387,3.3894,-506.44
360,0,0,0,0,-16.385,3.4675,-505.4
360,1,0,0,0,-16.152,3.1548,-505.4
360,2,0,0,0,-16.153,2.4507,-508.52
360,3,0,0,0,-15.996,2.5287,-504.36
360,4,0,0,0,-16.464,1.8247,-505.75
361,0,0,0,0,-16.31,1.7465,-507.13
361,1,0,0,0,-16,1.4336,-506.09
361,2,0,0,0,-16.077,1.3555,-505.75
361,3,0,0,0,-15.919,1.0425,-506.44
361,4,0,0,0,-15.999,1.0425,-504.7
362,0,0,0,0,-15.453,0.57309,-505.05
362,1,0,0,0,-16.077,0.6512,-505.05
362,2,0,0,0,-15.922,0.18206,-505.75
362,3,0,0,0,-15.766,0.02552,-505.4
362,4,0,0,0,-15.767,-0.20929,-505.05
363,0,0,0,0,-15.845,-0.44394,-508.17
363,1,0,0,0,-15.768,-0.99143,-505.74
363,2,0,0,0,-15.769,-0.91332,-506.09
363,3,0,0,0,-15.611,-1.148,-505.74
363,4,0,0,0,-15.848,-1.6174,-507.48
364,0,0,0,0,-15.613,-2.0085,-508.51
364,1,0,0,0,-15.693,-2.2431,-506.44
364,2,0,0,0,-15.457,-2.8691,-507.82
364,3,0,0,0,-15.145,-3.2601,-509.2
364,4,0,0,0,-15.301,-3.2601,-507.12
365,0,0,0,0,-15.223,-3.5732,-508.17
365,1,0,0,0,-15.303,-4.3555,-509.9
365,2,0,0,0,-15.148,-4.4336,-511.28
365,3,0,0,0,-14.757,-4.4337,-508.86
365,4,0,0,0,-14.835,-5.3724,-509.89
366,0,0,0,0,-14.915,-5.5289,-508.85
366,1,0,0,0,-14.68,-5.529,-511.27
366,2,0,0,0,-14.836,-5.8419,-511.63
366,3,0,0,0,-14.681,-6.3115,-511.62
366,4,0,0,0,-14.681,-6.7805,-513.7
367,0,0,0,0,-14.526,-6.9371,-511.97
367,1,0,0,0,-14.839,-7.4064,-514.39
367,2,0,0,0,-14.37,-7.7193,-514.74
367,3,0,0,0,-14.292,-8.2671,-515.78
367,4,0,0,0,-13.98,-8.5018,-516.47
368,0,0,0,0,-14.45,-9.1276,-517.51
368,1,0,0,0,-13.981,-9.2842,-516.12
368,2,0,0,0,-14.292,-9.9099,-518.55
368,3,0,0,0,-14.138,-10.379,-518.89
368,4,0,0,0,-14.138,-10.849,-519.24
369,0,0,0,0,-13.827,-11.083,-515.77
369,1,0,0,0,-14.062,-11.553,-520.27
369,2,0,0,0,-13.907,-12.022,-519.93
369,3,0,0,0,-14.063,-12.726,-519.58
369,4,0,0,0,-14.219,-12.805,-520.27
370,0,0,0,0,-14.064,-13.665,-523.39
370,1,0,0,0,-14.144,-14.369,-522.7
370,2,0,0,0,-13.986,-14.839,-524.08
370,3,0,0,0,-14.064,-14.839,-524.43
370,4,0,0,0,-14.065,-15.777,-528.24
371,0,0,0,0,-13.909,-16.247,-528.58
371,1,0,0,0,-14.067,-16.794,-527.89
371,2,0,0,0,-13.911,-17.655,-528.93
371,3,0,0,0,-13.833,-17.968,-530.66
371,4,0,0,0,-14.148,-18.281,-533.77
372,0,0,0,0,-13.911,-19.22,-532.04
372,1,0,0,0,-14.149,-19.532,-536.2
372,2,0,0,0,-13.914,-20.315,-534.81
372,3,0,0,0,-14.148,-20.862,-536.2
372,4,0,0,0,-14.383,-21.566,-535.5
373,0,0,0,0,-14.462,-22.036,-537.23
373,1,0,0,0,-14.542,-22.505,-537.23
373,2,0,0,0,-14.385,-23.209,-538.62
373,3,0,0,0,-14.228,-23.835,-542.43
373,4,0,0,0,-14.465,-24.305,-543.12
374,0,0,0,0,-14.543,-24.774,-542.78
374,1,0,0,0,-14.777,-25.713,-544.5
374,2,0,0,0,-14.7,-26.026,-547.96
374,3,0,0,0,-14.543,-26.73,-547.62
374,4,0,0,0,-14.623,-27.512,-550.39
375,0,0,0,0,-14.779,-28.294,-551.08
375,1,0,0,0,-14.546,-28.608,-553.5
375,2,0,0,0,-14.858,-29.312,-554.88
375,3,0,0,0,-15.093,-30.016,-555.58
375,4,0,0,0,-14.548,-30.876,-557.31
376,0,0,0,0,-14.939,-31.267,-559.04
376,1,0,0,0,-15.095,-31.659,-560.77
376,2,0,0,0,-15.018,-32.363,-565.28
376,3,0,0,0,-14.783,-32.832,-564.58
376,4,0,0,0,-15.175,-33.614,-567
377,0,0,0,0,-15.254,-34.24,-568.73
377,1,0,0,0,-15.332,-35.336,-569.77
377,2,0,0,0,-15.177,-35.492,-571.5
377,3,0,0,0,-15.412,-36.196,-574.27
377,4,0,0,0,-15.412,-36.744,-575.31
378,0,0,0,0,-15.57,-37.761,-577.73
378,1,0,0,0,-15.648,-37.761,-579.47
378,2,0,0,0,-15.57,-38.856,-579.47
378,3,0,0,0,-15.648,-39.639,-581.54
378,4,0,0,0,-16.04,-40.186,-584.3
379,0,0,0,0,-16.118,-40.734,-587.08
379,1,0,0,0,-16.276,-41.594,-588.81
379,2,0,0,0,-16.197,-42.22,-589.85
379,3,0,0,0,-16.119,-43.002,-592.97
379,4,0,0,0,-16.823,-43.707,-596.09
380,0,0,0,0,-17.061,-44.411,-595.04
380,1,0,0,0,-17.136,-44.88,-599.54
380,2,0,0,0,-17.215,-45.35,-599.2
380,3,0,0,0,-17.295,-46.445,-605.77
380,4,0,0,0,-17.374,-46.914,-604.39
381,0,0,0,0,-17.921,-47.697,-605.08
381,1,0,0,0,-18,-48.479,-610.27
381,2,0,0,0,-18.079,-49.418,-611.31
381,3,0,0,0,-17.61,-49.809,-612.35
381,4,0,0,0,-18.705,-50.67,-615.46
382,0,0,0,0,-18.55,-51.217,-618.24
382,1,0,0,0,-18.472,-52.078,-620.66
382,2,0,0,0,-19.02,-52.626,-618.58
382,3,0,0,0,-19.098,-53.643,-624.12
382,4,0,0,0,-19.255,-54.268,-627.93
383,0,0,0,0,-19.257,-54.816,-625.15
383,1,0,0,0,-19.725,-55.677,-629.66
383,2,0,0,0,-19.647,-56.694,-631.73
383,3,0,0,0,-20.117,-57.242,-633.81
383,4,0,0,0,-20.118,-58.337,-634.15
384,0,0,0,0,-20.9,-58.885,-637.62
384,1,0,0,0,-20.432,-59.901,-638.31
384,2,0,0,0,-20.823,-60.527,-642.47
384,3,0,0,0,-20.667,-61.31,-642.81
384,4,0,0,0,-21.058,-62.17,-646.97
385,0,0,0,0,-21.37,-63.187,-648
385,1,0,0,0,-21.294,-64.126,-650.43
385,2,0,0,0,-21.528,-64.909,-651.12
385,3,0,0,0,-21.919,-65.769,-654.58
385,4,0,0,0,-21.921,-66.239,-655.27
386,0,0,0,0,-22.468,-67.647,-659.43
386,1,0,0,0,-22.468,-68.429,-658.74
386,2,0,0,0,-22.234,-68.977,-661.85
386,3,0,0,0,-22.782,-69.525,-662.89
386,4,0,0,0,-22.548,-70.698,-665.31
387,0,0,0,0,-23.017,-71.637,-666.69
387,1,0,0,0,-22.939,-72.263,-668.08
387,2,0,0,0,-23.175,-72.811,-669.12
387,3,0,0,0,-23.097,-74.141,-673.97
387,4,0,0,0,-23.488,-74.845,-671.54
388,0,0,0,0,-23.645,-75.549,-677.77
388,1,0,0,0,-23.802,-76.566,-681.24
388,2,0,0,0,-23.723,-77.74,-680.2
388,3,0,0,0,-23.803,-78.131,-684.01
388,4,0,0,0,-23.96,-79.226,-685.04
389,0,0,0,0,-24.039,-80.4,-685.74
389,1,0,0,0,-23.805,-81.104,-686.77
389,2,0,0,0,-24.116,-82.121,-690.58
389,3,0,0,0,-24.198,-82.903,-692.66
389,4,0,0,0,-24.119,-84.077,-692.31
390,0,0,0,0,-24.355,-84.703,-692.31
390,1,0,0,0,-24.275,-85.72,-696.81
390,2,0,0,0,-24.355,-86.659,-696.81
390,3,0,0,0,-24.355,-87.285,-697.5
390,4,0,0,0,-24.511,-87.833,-702.35
391,0,0,0,0,-24.59,-89.319,-703.74
391,1,0,0,0,-24.044,-90.415,-704.43
391,2,0,0,0,-24.747,-91.275,-703.73
391,3,0,0,0,-24.669,-92.136,-707.54
391,4,0,0,0,-24.592,-93.231,-707.2
392,0,0,0,0,-24.436,-94.405,-708.92
392,1,0,0,0,-24.201,-95.265,-709.97
392,2,0,0,0,-24.356,-95.97,-711.7
392,3,0,0,0,-24.827,-96.909,-712.73
392,4,0,0,0,-24.436,-98.473,-714.47
393,0,0,0,0,-24.75,-99.334,-716.89
393,1,0,0,0,-24.75,-100.12,-716.54
393,2,0,0,0,-24.907,-101.21,-718.97
393,3,0,0,0,-24.516,-102.62,-718.96
393,4,0,0,0,-24.907,-103.4,-717.92
394,0,0,0,0,-25.062,-104.11,-721.73
394,1,0,0,0,-24.986,-104.89,-723.47
394,2,0,0,0,-24.907,-106.3,-722.43
394,3,0,0,0,-25.22,-107.39,-724.15
394,4,0,0,0,-25.297,-107.71,-726.23
395,0,0,0,0,-25.063,-109.11,-725.88
395,1,0,0,0,-25.063,-109.74,-725.54
395,2,0,0,0,-25.218,-111.07,-727.97
395,3,0,0,0,-25.218,-111.62,-729.01
395,4,0,0,0,-25.454,-112.48,-727.61
396,0,0,0,0,-25.219,-113.57,-729.35
396,1,0,0,0,-25.297,-114.75,-731.42
396,2,0,0,0,-25.296,-115.61,-729
396,3,0,0,0,-25.218,-116.78,-730.73
396,4,0,0,0,-25.296,-117.49,-730.04
397,0,0,0,0,-25.296,-118.42,-732.12
397,1,0,0,0,-25.216,-118.97,-731.77
397,2,0,0,0,-25.216,-120.07,-730.04
397,3,0,0,0,-25.372,-120.93,-733.85
397,4,0,0,0,-25.294,-121.71,-732.46
398,0,0,0,0,-25.215,-122.34,-732.11
398,1,0,0,0,-24.745,-123.59,-733.5
398,2,0,0,0,-25.136,-124.76,-734.88
398,3,0,0,0,-25.136,-125.07,-732.46
398,4,0,0,0,-25.136,-126.33,-734.19
399,0,0,0,0,-25.29,-127.27,-732.8
399,1,0,0,0,-24.821,-128.28,-733.5
399,2,0,0,0,-24.509,-128.83,-730.73
399,3,0,0,0,-25.21,-130.32,-731.77
399,4,0,0,0,-24.819,-131.02,-731.77
400,0,0,0,0,-24.586,-131.96,-730.73
400,1,0,0,0,-24.741,-133.05,-726.57
400,2,0,0,0,-24.663,-133.99,-728.3
400,3,0,0,0,-24.974,-134.62,-726.92
400,4,0,0,0,-24.584,-135.25,-727.26
401,0,0,0,0,-24.66,-136.18,-725.88
401,1,0,0,0,-24.738,-137.36,-726.57
401,2,0,0,0,-24.424,-138.14,-724.5
401,3,0,0,0,-24.659,-138.84,-723.45
401,4,0,0,0,-24.738,-139.71,-721.73
402,0,0,0,0,-24.344,-141.03,-721.03
402,1,0,0,0,-24.265,-141.43,-720.68
402,2,0,0,0,-24.265,-142.29,-720.68
402,3,0,0,0,-23.718,-143.54,-719.65
402,4,0,0,0,-24.265,-144.09,-716.18
403,0,0,0,0,-23.95,-144.79,-716.18
403,1,0,0,0,-23.636,-146.04,-713.76
403,2,0,0,0,-23.403,-147.14,-711.34
403,3,0,0,0,-23.48,-147.45,-709.26
403,4,0,0,0,-23.401,-148.31,-707.18
404,0,0,0,0,-23.165,-149.09,-704.07
404,1,0,0,0,-23.242,-150.03,-703.72
404,2,0,0,0,-23.086,-150.42,-698.87
404,3,0,0,0,-22.694,-151.36,-700.26
404,4,0,0,0,-23.008,-152.3,-694.72
405,0,0,0,0,-22.145,-153.32,-694.37
405,1,0,0,0,-21.753,-153.71,-691.26
405,2,0,0,0,-22.222,-154.73,-690.91
405,3,0,0,0,-21.676,-155.43,-687.45
405,4,0,0,0,-21.83,-156.13,-685.37
406,0,0,0,0,-21.751,-156.99,-682.6
406,1,0,0,0,-20.97,-157.78,-681.57
406,2,0,0,0,-20.89,-158.32,-677.75
406,3,0,0,0,-20.812,-159.34,-673.94
406,4,0,0,0,-20.889,-159.97,-673.94
407,0,0,0,0,-20.029,-160.75,-669.1
407,1,0,0,0,-20.104,-161.53,-664.95
407,2,0,0,0,-19.949,-162,-663.9
407,3,0,0,0,-19.634,-162.55,-661.83
407,4,0,0,0,-19.32,-163.1,-656.98
408,0,0,0,0,-19.009,-163.8,-653.52
408,1,0,0,0,-18.85,-164.58,-652.13
408,2,0,0,0,-18.146,-165.37,-649.02
408,3,0,0,0,-18.146,-165.44,-645.55
408,4,0,0,0,-17.831,-166.07,-642.44
409,0,0,0,0,-17.049,-166.46,-639.67
409,1,0,0,0,-16.578,-167.24,-636.56
409,2,0,0,0,-16.03,-167.71,-631.71
409,3,0,0,0,-15.405,-168.42,-630.67
409,4,0,0,0,-15.402,-169.35,-624.09
410,0,0,0,0,-14.541,-169.9,-622.7
410,1,0,0,0,-14.384,-170.14,-613.71
410,2,0,0,0,-13.912,-170.69,-611.63
410,3,0,0,0,-13.834,-170.76,-610.93
410,4,0,0,0,-13.051,-170.84,-603.32
411,0,0,0,0,-12.892,-171.39,-600.2
411,1,0,0,0,-12.657,-171.23,-595.7
411,2,0,0,0,-12.108,-171.39,-591.89
411,3,0,0,0,-11.872,-171.78,-587.05
411,4,0,0,0,-11.401,-172.09,-582.55
412,0,0,0,0,-10.541,-171.86,-577.01
412,1,0,0,0,-10.227,-172.25,-573.54
412,2,0,0,0,-9.8355,-172.17,-567.66
412,3,0,0,0,-9.0518,-172.56,-563.51
412,4,0,0,0,-8.8169,-172.41,-555.89
413,0,0,0,0,-8.4235,-173.19,-553.47
413,1,0,0,0,-8.2657,-172.88,-547.24
413,2,0,0,0,-7.5612,-172.72,-543.08
413,3,0,0,0,-7.5596,-172.8,-537.2
413,4,0,0,0,-6.9344,-173.5,-533.39
414,0,0,0,0,-6.7751,-173.5,-525.77
414,1,0,0,0,-6.2284,-173.97,-518.85
414,2,0,0,0,-6.3039,-173.97,-512.97
414,3,0,0,0,-5.835,-173.89,-505.35
414,4,0,0,0,-5.4423,-173.66,-500.51
415,0,0,0,0,-5.1282,-173.35,-494.27
415,1,0,0,0,-5.2067,-173.11,-491.16
415,2,0,0,0,-4.7363,-173.03,-480.42
415,3,0,0,0,-4.4214,-172.95,-473.85
415,4,0,0,0,-3.951,-172.09,-466.58
416,0,0,0,0,-3.325,-172.01,-460.35
416,1,0,0,0,-3.5583,-171.15,-451
416,2,0,0,0,-3.3219,-170.45,-446.85
416,3,0,0,0,-2.7745,-169.75,-438.54
416,4,0,0,0,-1.8367,-169.2,-429.54
417,0,0,0,0,-1.6789,-167.87,-421.58
417,1,0,0,0,-1.2877,-166.85,-414.3
417,2,0,0,0,-0.7395,-165.36,-405.65
417,3,0,0,0,0.3554,-164.11,-395.26
417,4,0,0,0,0.7473,-162.47,-385.57
418,0,0,0,0,1.4533,-160.51,-379.34
418,1,0,0,0,1.6074,-158.64,-368.61
418,2,0,0,0,2.4689,-157.07,-356.84
418,3,0,0,0,2.626,-154.88,-348.53
418,4,0,0,0,3.3298,-153,-339.53
419,0,0,0,0,3.955,-150.34,-331.57
419,1,0,0,0,4.4247,-147.84,-319.45
419,2,0,0,0,4.7373,-145.18,-310.79
419,3,0,0,0,5.3625,-142.29,-300.06
419,4,0,0,0,5.8322,-139.08,-289.68
420,0,0,0,0,5.99,-135.87,-277.57
420,1,0,0,0,6.067,-132.19,-268.56
420,2,0,0,0,6.5367,-127.5,-254.71
420,3,0,0,0,6.8501,-123.98,-246.41
420,4,0,0,0,7.1635,-119.28,-235.67
421,0,0,0,0,7.7109,-115.22,-224.94
421,1,0,0,0,7.6332,-110.91,-212.14
421,2,0,0,0,7.3991,-106.53,-203.48
421,3,0,0,0,7.5562,-102.54,-193.09
421,4,0,0,0,7.9489,-97.847,-184.44
422,0,0,0,0,7.4792,-93.152,-175.1
422,1,0,0,0,7.8704,-89.162,-167.13
422,2,0,0,0,7.56,-84.39,-158.48
422,3,0,0,0,7.4823,-80.008,-150.16
422,4,0,0,0,7.4045,-75.705,-144.29
423,0,0,0,0,7.7964,-71.324,-134.25
423,1,0,0,0,7.4838,-67.177,-130.44
423,2,0,0,0,7.6409,-62.874,-125.24
423,3,0,0,0,7.5624,-58.65,-121.09
423,4,0,0,0,7.5647,-54.816,-114.86
424,0,0,0,0,7.1743,-50.121,-110.71
424,1,0,0,0,7.3329,-47.07,-104.83
424,2,0,0,0,7.2529,-43.393,-101.7
424,3,0,0,0,7.4122,-39.481,-95.472
424,4,0,0,0,7.4923,-35.96,-97.206
425,0,0,0,0,6.9464,-33.3,-93.743
425,1,0,0,0,7.0234,-30.327,-93.395
425,2,0,0,0,6.7908,-27.276,-87.857
425,3,0,0,0,6.5583,-24.694,-88.204
425,4,0,0,0,6.479,-22.268,-84.395
426,0,0,0,0,6.0109,-17.73,-84.741
426,1,0,0,0,4.6057,-14.836,-80.939
426,2,0,0,0,5.2294,-17.574,-82.668
426,3,0,0,0,4.9945,-18.2,-79.208
426,4,0,0,0,4.5271,-17.183,-72.281
427,0,0,0,0,4.6842,-17.73,-72.63
427,1,0,0,0,4.6834,-17.417,-69.855
427,2,0,0,0,4.6034,-16.635,-68.129
427,3,0,0,0,3.8226,-15.931,-65.357
427,4,0,0,0,3.5878,-14.836,-64.32
428,0,0,0,0,4.0575,-14.131,-60.858
428,1,0,0,0,3.6648,-13.036,-58.087
428,2,0,0,0,3.3537,-12.097,-56.013
428,3,0,0,0,4.136,-11.315,-55.32
428,4,0,0,0,3.7434,-10.454,-51.509
429,0,0,0,0,3.6633,-9.9066,-52.552
429,1,0,0,0,3.7426,-9.4373,-48.395
429,2,0,0,0,3.4292,-9.4372,-44.933
429,3,0,0,0,3.1944,-8.8114,-43.204
429,4,0,0,0,3.507,-8.8115,-41.821
430,0,0,0,0,4.133,-9.0462,-40.437
430,1,0,0,0,4.1315,-9.6721,-39.05
430,2,0,0,0,2.1773,-7.7944,-38.705
430,3,0,0,0,2.2551,-6.6992,-36.627
430,4,0,0,0,2.8765,-5.9166,-34.895
431,0,0,0,0,1.9402,-2.4743,-33.512
431,1,0,0,0,2.0179,-3.4133,-32.82
431,2,0,0,0,2.2497,-4.8214,-32.125
431,3,0,0,0,1.7046,-2.8658,-31.78
431,4,0,0,0,1.4682,-1.7707,-31.434
432,0,0,0,0,1.623,-2.7877,-27.628
432,1,0,0,0,1.5445,-2.6311,-26.241
432,2,0,0,0,1.3889,-2.1617,-27.281
432,3,0,0,0,0,0,0
432,4,0,0,0,0,0,0
433,0,0,0,0,0,0,0
433,1,0,0,0,0,0,0
433,2,0,0,0,0,0,0
433,3,0,0,0,0,0,0
433,4,0,0,0,0,0,0
434,0,0,0,0,0,0,0
434,1,0,0,0,0,0,0
434,2,0,0,0,0,0,0
434,3,0,0,0,0,0,0
434,4,0,0,0,0,0,0
435,0,0,0,0,0,0,0
435,1,0,0,0,0,0,0
435,2,0,0,0,0,0,0
435,3,0,0,0,0,0,0
435,4,0,0,0,0,0,0
436,0,0,0,0,0,0,0
436,1,0,0,0,0,0,0
436,2,0,0,0,0,0,0
436,3,0,0,0,0,0,0
436,4,0,0,0,0,0,0
437,0,0,0,0,0,0,0
437,1,0,0,0,0,0,0
437,2,0,0,0,0,0,0
437,3,0,0,0,0,0,0
437,4,0,0,0,0,0,0
438,0,0,0,0,0,0,0
438,1,0,0,0,0,0,0
438,2,0,0,0,0,0,0
438,3,0,0,0,0,0,0
438,4,0,0,0,0,0,0
439,0,0,0,0,0,0,0
439,1,0,0,0,0,0,0
439,2,0,0,0,0,0,0
439,3,0,0,0,0,0,0
439,4,0,0,0,0,0,0
440,0,0,0,0,0,0,0
440,1,0,0,0,0,0,0
440,2,0,0,0,0,0,0
440,3,0,0,0,0,0,0
440,4,0,0,0,0,0,0
441,0,0,0,0,0,0,0
441,1,0,0,0,0,0,0
441,2,0,0,0,0,0,0
441,3,0,0,0,0,0,0
441,4,0,0,0,0,0,0
442,0,0,0,0,0,0,0
442,1,0,0,0,0,0,0
442,2,0,0,0,0,0,0
442,3,0,0,0,0,0,0
442,4,0,0,0,0,0,0
443,0,0,0,0,0,0,0
443,1,0,0,0,0,0,0
443,2,0,0,0,0,0,0
443,3,0,0,0,0,0,0
443,4,0,0,0,0,0,0
444,0,0,0,0,0,0,0
444,1,0,0,0,0,0,0
444,2,0,0,0,0,0,0
444,3,0,0,0,0,0,0
444,4,0,0,0,0,0,0
445,0,0,0,0,0,0,0
445,1,0,0,0,0,0,0
445,2,0,0,0,0,0,0
445,3,0,0,0,0,0,0
445,4,0,0,0,0,0,0
446,0,0,0,0,0,0,0
446,1,0,0,0,0,0,0
446,2,0,0,0,0,0,0
446,3,0,0,0,0,0,0
446,4,0,0,0,0,0,0
447,0,0,0,0,0,0,0
447,1,0,0,0,0,0,0
447,2,0,0,0,0,0,0
447,3,0,0,0,0,0,0
447,4,0,0,0,0,0,0
448,0,0,0,0,0,0,0
448,1,0,0,0,0,0,0
448,2,0,0,0,0,0,0
448,3,0,0,0,0,0,0
448,4,0,0,0,0,0,0
449,0,0,0,0,0,0,0
449,1,0,0,0,0,0,0
449,2,0,0,0,0,0,0
449,3,0,0,0,0,0,0
449,4,0,0,0,0,0,0
450,0,0,0,0,0,0,0
450,1,0,0,0,0,0,0
450,2,0,0,0,0,0,0
450,3,0,0,0,0,0,0
450,4,0,0,0,0,0,0
451,0,0,0,0,0,0,0
451,1,0,0,0,0,0,0
451,2,0,0,0,0,0,0
451,3,0,0,0,0,0,0
451,4,0,0,0,0,0,0
452,0,0,0,0,0,0,0
452,1,0,0,0,0,0,0
452,2,0,0,0,0,0,0
452,3,0,0,0,0,0,0
452,4,0,0,0,0,0,0
453,0,0,0,0,0,0,0
453,1,0,0,0,0,0,0
453,2,0,0,0,0,0,0
453,3,0,0,0,0,0,0
453,4,0,0,0,0,0,0
454,0,0,0,0,0,0,0
454,1,0,0,0,0,0,0
454,2,0,0,0,0,0,0
454,3,0,0,0,0,0,0
454,4,0,0,0,0,0,0
455,0,0,0,0,0,0,0
455,1,0,0,0,0,0,0
455,2,0,0,0,0,0,0
455,3,0,0,0,0,0,0
455,4,0,0,0,0,0,0
456,0,0,0,0,0,0,0
456,1,0,0,0,0,0,0
456,2,0,0,0,0,0,0
456,3,0,0,0,0,0,0
456,4,0,0,0,0,0,0
457,0,0,0,0,0,0,0
457,1,0,0,0,0,0,0
457,2,0,0,0,0,0,0
457,3,0,0,0,0,0,0
457,4,0,0,0,0,0,0
458,0,0,0,0,0,0,0
458,1,0,0,0,0,0,0
458,2,0,0,0,0,0,0
458,3,0,0,0,0,0,0
458,4,0,0,0,0,0,0
459,0,0,0,0,0,0,0
459,1,0,0,0,0,0,0
459,2,0,0,0,0,0,0
459,3,0,0,0,0,0,0
459,4,0,0,0,0,0,0
460,0,0,0,0,0,0,0
460,1,0,0,0,0,0,0
460,2,0,0,0,0,0,0
460,3,0,0,0,0,0,0
460,4,0,0,0,0,0,0
461,0,0,0,0,0,0,0
461,1,0,0,0,0,0,0
461,2,0,0,0,0,0,0
461,3,0,0,0,0,0,0
461,4,0,0,0,0,0,0
462,0,0,0,0,0,0,0
462,1,0,0,0,0,0,0
462,2,0,0,0,0,0,0
462,3,0,0,0,0,0,0
462,4,0,0,0,0,0,0
463,0,0,0,0,0,0,0
463,1,0,0,0,0,0,0
463,2,0,0,0,0,0,0
463,3,0,0,0,0,0,0
463,4,0,0,0,0,0,0
464,0,0,0,0,0,0,0
464,1,0,0,0,0,0,0
464,2,0,0,0,0,0,0
464,3,0,0,0,0,0,0
464,4,0,0,0,0,0,0
465,0,0,0,0,0,0,0
465,1,0,0,0,0,0,0
465,2,0,0,0,0,0,0
465,3,0,0,0,0,0,0
465,4,0,0,0,0,0,0
466,0,0,0,0,0,0,0
466,1,0,0,0,0,0,0
466,2,0,0,0,0,0,0
466,3,0,0,0,0,0,0
466,4,0,0,0,0,0,0
467,0,0,0,0,0,0,0
467,1,0,0,0,0,0,0
467,2,0,0,0,0,0,0
467,3,0,0,0,0,0,0
467,4,0,0,0,0,0,0
